transaction_id,store_id,product_id,quantity,price,timestamp
1,4,11,4,42.82,2024-01-01T06:00:00
2,1,2,3,38.0,2024-01-01T15:00:00
3,4,8,3,45.19,2024-01-01T19:00:00
4,5,1,2,44.12,2024-01-01T10:00:00
5,4,2,3,31.22,2024-01-01T06:00:00
6,4,15,5,20.95,2024-01-01T18:00:00
7,1,14,4,17.44,2024-01-01T01:00:00
8,4,11,3,95.17,2024-01-01T04:00:00
9,5,8,4,68.89,2024-01-01T02:00:00
10,5,20,4,43.11,2024-01-01T19:00:00
11,3,14,4,23.12,2024-01-01T18:00:00
12,1,20,1,43.19,2024-01-01T20:00:00
13,2,6,3,19.41,2024-01-01T09:00:00
14,2,16,2,12.17,2024-01-01T23:00:00
15,5,12,4,23.95,2024-01-01T13:00:00
16,1,5,2,64.16,2024-01-01T10:00:00
17,5,16,1,30.88,2024-01-01T13:00:00
18,5,15,4,51.32,2024-01-01T09:00:00
19,5,11,3,14.9,2024-01-01T06:00:00
20,2,17,1,66.96,2024-01-01T00:00:00
21,4,16,2,64.12,2024-01-01T14:00:00
22,3,13,5,63.09,2024-01-01T13:00:00
23,5,19,1,42.04,2024-01-01T06:00:00
24,4,4,3,64.67,2024-01-01T23:00:00
25,5,8,3,11.93,2024-01-01T16:00:00
26,3,18,5,86.88,2024-01-01T09:00:00
27,1,14,2,55.25,2024-01-01T06:00:00
28,4,13,2,25.04,2024-01-01T08:00:00
29,3,2,2,45.78,2024-01-01T13:00:00
30,2,5,3,66.6,2024-01-01T04:00:00
31,5,1,4,8.95,2024-01-01T14:00:00
32,1,8,5,38.38,2024-01-01T05:00:00
33,5,2,1,38.13,2024-01-01T17:00:00
34,2,19,3,33.1,2024-01-01T05:00:00
35,5,13,5,63.7,2024-01-01T13:00:00
36,1,9,3,49.96,2024-01-01T13:00:00
37,5,4,3,31.77,2024-01-01T20:00:00
38,2,16,4,13.8,2024-01-01T04:00:00
39,2,17,1,21.07,2024-01-01T06:00:00
40,2,3,1,51.17,2024-01-01T04:00:00
41,5,5,3,19.48,2024-01-01T20:00:00
42,4,6,5,34.63,2024-01-01T13:00:00
43,3,8,5,72.84,2024-01-01T12:00:00
44,4,15,4,78.55,2024-01-01T13:00:00
45,1,10,5,26.32,2024-01-01T05:00:00
46,1,12,3,42.7,2024-01-01T18:00:00
47,1,16,1,27.46,2024-01-01T11:00:00
48,5,3,3,40.91,2024-01-01T00:00:00
49,2,13,2,30.65,2024-01-01T19:00:00
50,1,19,4,94.03,2024-01-01T03:00:00
51,1,18,3,48.77,2024-01-01T00:00:00
52,4,7,3,86.09,2024-01-01T08:00:00
53,1,15,5,61.59,2024-01-01T13:00:00
54,4,20,1,93.3,2024-01-01T08:00:00
55,5,4,5,83.93,2024-01-01T07:00:00
56,3,18,4,29.1,2024-01-01T04:00:00
57,2,15,1,23.18,2024-01-01T02:00:00
58,2,20,1,90.4,2024-01-01T06:00:00
59,2,5,2,64.32,2024-01-01T10:00:00
60,1,5,5,65.14,2024-01-01T16:00:00
61,3,15,4,36.19,2024-01-01T23:00:00
62,5,20,2,65.4,2024-01-01T18:00:00
63,4,14,3,22.98,2024-01-01T11:00:00
64,2,16,5,88.0,2024-01-01T00:00:00
65,2,2,5,96.83,2024-01-01T22:00:00
66,5,10,1,50.22,2024-01-01T12:00:00
67,5,7,3,40.49,2024-01-01T17:00:00
68,2,2,5,84.33,2024-01-01T20:00:00
69,2,3,2,11.25,2024-01-01T06:00:00
70,5,2,1,80.25,2024-01-01T02:00:00
71,1,13,2,82.38,2024-01-01T00:00:00
72,4,7,3,47.98,2024-01-01T21:00:00
73,4,6,2,37.97,2024-01-01T08:00:00
74,1,14,4,37.79,2024-01-01T02:00:00
75,4,16,2,61.55,2024-01-01T05:00:00
76,3,3,1,23.67,2024-01-01T21:00:00
77,5,5,3,82.8,2024-01-01T20:00:00
78,1,1,2,61.41,2024-01-01T09:00:00
79,5,7,2,55.1,2024-01-01T00:00:00
80,1,14,2,84.58,2024-01-01T09:00:00
81,5,13,5,90.36,2024-01-01T15:00:00
82,4,7,5,17.06,2024-01-01T06:00:00
83,1,9,5,78.89,2024-01-01T01:00:00
84,3,2,2,77.54,2024-01-01T21:00:00
85,2,4,2,68.88,2024-01-01T14:00:00
86,1,4,3,68.54,2024-01-01T19:00:00
87,3,2,1,79.16,2024-01-01T16:00:00
88,5,4,3,29.7,2024-01-01T14:00:00
89,4,1,5,74.76,2024-01-01T00:00:00
90,3,3,2,90.8,2024-01-01T14:00:00
91,5,4,5,84.37,2024-01-01T13:00:00
92,5,1,5,92.7,2024-01-01T00:00:00
93,5,14,5,81.87,2024-01-01T17:00:00
94,3,16,4,43.47,2024-01-01T16:00:00
95,1,18,5,76.3,2024-01-01T16:00:00
96,2,16,4,53.22,2024-01-01T15:00:00
97,1,14,1,92.53,2024-01-01T03:00:00
98,5,12,5,18.89,2024-01-01T12:00:00
99,3,7,4,48.89,2024-01-01T13:00:00
100,4,5,4,32.81,2024-01-01T03:00:00
101,1,7,4,80.3,2024-01-01T05:00:00
102,5,15,4,93.83,2024-01-01T03:00:00
103,2,6,4,61.95,2024-01-01T07:00:00
104,2,20,1,51.77,2024-01-01T17:00:00
105,5,19,4,77.28,2024-01-01T22:00:00
106,2,16,5,36.8,2024-01-01T17:00:00
107,3,19,4,66.15,2024-01-01T01:00:00
108,3,14,1,72.71,2024-01-01T23:00:00
109,4,14,1,89.08,2024-01-01T19:00:00
110,5,15,2,6.11,2024-01-01T13:00:00
111,5,1,5,14.69,2024-01-01T18:00:00
112,3,13,4,73.33,2024-01-01T06:00:00
113,3,5,1,92.18,2024-01-01T09:00:00
114,3,15,5,22.8,2024-01-01T18:00:00
115,5,19,1,63.74,2024-01-01T16:00:00
116,4,12,1,84.27,2024-01-01T18:00:00
117,4,19,4,61.3,2024-01-01T01:00:00
118,4,19,3,47.65,2024-01-01T17:00:00
119,1,10,1,89.25,2024-01-01T09:00:00
120,4,3,5,96.27,2024-01-01T09:00:00
121,2,2,3,42.33,2024-01-01T17:00:00
122,2,12,3,47.48,2024-01-01T23:00:00
123,5,3,3,86.4,2024-01-01T06:00:00
124,1,14,1,39.77,2024-01-01T18:00:00
125,5,5,4,18.11,2024-01-01T03:00:00
126,2,13,2,43.95,2024-01-01T17:00:00
127,5,12,5,84.12,2024-01-01T19:00:00
128,3,6,1,43.49,2024-01-01T19:00:00
129,3,10,3,7.85,2024-01-01T14:00:00
130,4,12,4,29.16,2024-01-01T22:00:00
131,3,11,1,72.27,2024-01-01T04:00:00
132,3,16,2,59.0,2024-01-01T00:00:00
133,1,6,2,5.83,2024-01-01T06:00:00
134,3,5,4,6.58,2024-01-01T01:00:00
135,5,17,2,80.26,2024-01-01T08:00:00
136,3,12,5,21.08,2024-01-01T02:00:00
137,4,6,1,41.9,2024-01-01T09:00:00
138,1,16,3,44.97,2024-01-01T22:00:00
139,5,15,4,41.03,2024-01-01T15:00:00
140,2,7,5,39.12,2024-01-01T21:00:00
141,3,18,4,97.8,2024-01-01T21:00:00
142,3,11,4,36.24,2024-01-01T01:00:00
143,2,19,5,40.67,2024-01-01T06:00:00
144,2,1,1,18.09,2024-01-01T03:00:00
145,4,15,5,45.45,2024-01-01T18:00:00
146,4,1,1,79.92,2024-01-01T21:00:00
147,3,2,3,27.1,2024-01-01T05:00:00
148,5,16,4,50.86,2024-01-01T15:00:00
149,3,19,2,47.95,2024-01-01T03:00:00
150,3,9,3,16.47,2024-01-01T10:00:00
151,1,8,1,26.11,2024-01-01T04:00:00
152,3,14,1,17.26,2024-01-01T11:00:00
153,5,19,1,31.18,2024-01-01T01:00:00
154,3,11,5,10.63,2024-01-01T07:00:00
155,3,19,4,56.72,2024-01-01T05:00:00
156,2,12,4,58.14,2024-01-01T16:00:00
157,5,11,5,70.01,2024-01-01T07:00:00
158,5,12,3,8.7,2024-01-01T23:00:00
159,3,15,4,67.76,2024-01-01T06:00:00
160,4,15,2,27.99,2024-01-01T00:00:00
161,3,16,1,50.1,2024-01-01T19:00:00
162,4,10,5,12.79,2024-01-01T14:00:00
163,4,15,1,73.77,2024-01-01T18:00:00
164,2,14,5,77.37,2024-01-01T02:00:00
165,1,12,2,89.25,2024-01-01T16:00:00
166,2,13,1,61.18,2024-01-01T02:00:00
167,2,9,3,61.55,2024-01-01T00:00:00
168,4,1,5,73.19,2024-01-01T06:00:00
169,1,13,5,12.36,2024-01-01T05:00:00
170,4,16,5,58.58,2024-01-01T16:00:00
171,3,12,4,73.42,2024-01-01T23:00:00
172,4,15,5,34.54,2024-01-01T19:00:00
173,2,17,2,28.41,2024-01-01T10:00:00
174,3,5,1,6.72,2024-01-01T11:00:00
175,4,8,4,44.81,2024-01-01T00:00:00
176,1,8,2,62.72,2024-01-01T05:00:00
177,1,4,2,22.97,2024-01-01T08:00:00
178,4,7,1,39.0,2024-01-01T21:00:00
179,1,13,2,41.46,2024-01-01T21:00:00
180,1,15,2,70.91,2024-01-01T22:00:00
181,5,1,4,70.11,2024-01-01T16:00:00
182,2,1,4,82.65,2024-01-01T08:00:00
183,5,14,1,75.31,2024-01-01T14:00:00
184,3,9,4,53.21,2024-01-01T02:00:00
185,3,9,5,24.17,2024-01-01T08:00:00
186,4,6,4,79.22,2024-01-01T08:00:00
187,4,13,2,94.11,2024-01-01T09:00:00
188,3,10,2,15.73,2024-01-01T18:00:00
189,1,18,1,95.92,2024-01-01T07:00:00
190,1,18,2,14.97,2024-01-01T12:00:00
191,2,18,3,85.41,2024-01-01T15:00:00
192,2,6,5,81.84,2024-01-01T06:00:00
193,2,3,3,87.07,2024-01-01T11:00:00
194,1,5,1,98.44,2024-01-01T01:00:00
195,5,20,4,18.54,2024-01-01T17:00:00
196,2,10,1,58.15,2024-01-01T16:00:00
197,5,20,3,90.74,2024-01-01T09:00:00
198,1,8,5,50.48,2024-01-01T18:00:00
199,2,9,5,89.08,2024-01-01T13:00:00
200,1,2,2,63.57,2024-01-01T05:00:00
201,3,13,1,92.07,2024-01-02T16:00:00
202,3,17,1,68.46,2024-01-02T08:00:00
203,4,10,2,57.78,2024-01-02T00:00:00
204,5,5,2,32.33,2024-01-02T19:00:00
205,1,16,3,58.41,2024-01-02T22:00:00
206,5,16,3,93.25,2024-01-02T06:00:00
207,2,18,3,10.86,2024-01-02T05:00:00
208,5,19,2,50.34,2024-01-02T01:00:00
209,2,4,1,48.86,2024-01-02T05:00:00
210,3,17,4,50.9,2024-01-02T21:00:00
211,2,16,5,42.57,2024-01-02T12:00:00
212,2,3,1,45.52,2024-01-02T15:00:00
213,5,12,1,82.1,2024-01-02T10:00:00
214,4,5,1,26.23,2024-01-02T16:00:00
215,1,3,3,50.14,2024-01-02T18:00:00
216,3,10,5,40.48,2024-01-02T10:00:00
217,2,7,2,37.53,2024-01-02T22:00:00
218,1,13,2,44.78,2024-01-02T18:00:00
219,1,20,2,46.48,2024-01-02T16:00:00
220,1,14,5,33.33,2024-01-02T05:00:00
221,2,19,2,43.1,2024-01-02T14:00:00
222,4,7,1,14.7,2024-01-02T02:00:00
223,5,13,1,55.06,2024-01-02T15:00:00
224,2,12,5,88.57,2024-01-02T16:00:00
225,5,15,2,98.49,2024-01-02T23:00:00
226,2,13,2,8.4,2024-01-02T09:00:00
227,1,18,4,80.45,2024-01-02T18:00:00
228,3,10,5,48.72,2024-01-02T02:00:00
229,4,10,1,85.57,2024-01-02T08:00:00
230,2,15,5,27.8,2024-01-02T23:00:00
231,1,6,3,39.32,2024-01-02T01:00:00
232,1,8,4,29.64,2024-01-02T16:00:00
233,4,9,5,63.14,2024-01-02T21:00:00
234,3,13,5,80.68,2024-01-02T03:00:00
235,5,10,5,63.98,2024-01-02T15:00:00
236,2,11,1,34.67,2024-01-02T17:00:00
237,5,9,2,30.0,2024-01-02T14:00:00
238,3,4,2,84.9,2024-01-02T01:00:00
239,5,18,3,90.14,2024-01-02T05:00:00
240,3,19,4,77.51,2024-01-02T14:00:00
241,4,13,3,65.54,2024-01-02T17:00:00
242,4,13,2,90.0,2024-01-02T11:00:00
243,1,6,2,86.11,2024-01-02T12:00:00
244,4,2,2,17.25,2024-01-02T01:00:00
245,4,5,2,89.52,2024-01-02T21:00:00
246,5,1,4,89.88,2024-01-02T16:00:00
247,2,9,1,74.49,2024-01-02T15:00:00
248,4,11,5,78.84,2024-01-02T05:00:00
249,2,2,3,76.18,2024-01-02T14:00:00
250,2,3,5,91.62,2024-01-02T17:00:00
251,5,1,5,55.43,2024-01-02T13:00:00
252,2,16,3,23.25,2024-01-02T08:00:00
253,1,9,3,73.77,2024-01-02T14:00:00
254,3,7,3,70.52,2024-01-02T01:00:00
255,1,7,5,91.11,2024-01-02T18:00:00
256,2,6,2,7.46,2024-01-02T10:00:00
257,3,19,2,10.82,2024-01-02T15:00:00
258,2,19,3,9.74,2024-01-02T00:00:00
259,2,19,3,42.34,2024-01-02T07:00:00
260,2,13,1,20.43,2024-01-02T06:00:00
261,2,20,2,24.1,2024-01-02T05:00:00
262,2,5,5,5.66,2024-01-02T06:00:00
263,1,15,5,71.95,2024-01-02T23:00:00
264,2,4,4,81.96,2024-01-02T08:00:00
265,3,16,4,72.51,2024-01-02T19:00:00
266,1,1,3,52.62,2024-01-02T10:00:00
267,1,7,4,46.53,2024-01-02T17:00:00
268,3,15,2,23.59,2024-01-02T07:00:00
269,2,9,3,56.56,2024-01-02T14:00:00
270,4,4,1,74.25,2024-01-02T17:00:00
271,4,19,3,67.77,2024-01-02T12:00:00
272,5,18,4,23.47,2024-01-02T07:00:00
273,2,18,2,97.96,2024-01-02T05:00:00
274,1,14,3,59.88,2024-01-02T16:00:00
275,5,14,4,97.36,2024-01-02T13:00:00
276,1,3,3,48.62,2024-01-02T01:00:00
277,4,10,2,32.03,2024-01-02T04:00:00
278,4,17,5,79.42,2024-01-02T17:00:00
279,3,6,1,20.75,2024-01-02T13:00:00
280,1,13,5,40.49,2024-01-02T01:00:00
281,5,9,3,7.65,2024-01-02T02:00:00
282,3,11,1,58.22,2024-01-02T21:00:00
283,2,13,2,10.0,2024-01-02T17:00:00
284,5,4,5,70.35,2024-01-02T12:00:00
285,3,13,3,35.4,2024-01-02T00:00:00
286,3,17,4,52.68,2024-01-02T16:00:00
287,3,19,4,11.71,2024-01-02T05:00:00
288,5,4,4,84.11,2024-01-02T20:00:00
289,1,10,4,32.1,2024-01-02T10:00:00
290,3,17,1,96.02,2024-01-02T19:00:00
291,4,1,2,93.99,2024-01-02T16:00:00
292,1,12,2,85.79,2024-01-02T21:00:00
293,2,6,5,69.73,2024-01-02T08:00:00
294,3,11,1,12.87,2024-01-02T03:00:00
295,5,5,4,53.45,2024-01-02T22:00:00
296,3,3,5,64.55,2024-01-02T23:00:00
297,2,4,2,32.27,2024-01-02T11:00:00
298,2,4,4,83.02,2024-01-02T05:00:00
299,5,10,5,10.08,2024-01-02T15:00:00
300,2,14,1,84.92,2024-01-02T23:00:00
301,5,19,2,60.29,2024-01-02T22:00:00
302,2,19,1,58.09,2024-01-02T04:00:00
303,5,14,4,39.42,2024-01-02T21:00:00
304,5,16,5,51.47,2024-01-02T15:00:00
305,4,10,1,25.86,2024-01-02T02:00:00
306,4,10,3,57.77,2024-01-02T05:00:00
307,3,11,2,97.88,2024-01-02T10:00:00
308,3,17,1,20.58,2024-01-02T01:00:00
309,5,9,2,87.77,2024-01-02T01:00:00
310,2,10,3,42.67,2024-01-02T04:00:00
311,2,10,5,91.55,2024-01-02T15:00:00
312,2,7,5,35.95,2024-01-02T05:00:00
313,2,2,3,22.59,2024-01-02T06:00:00
314,2,12,3,73.63,2024-01-02T11:00:00
315,5,7,2,82.23,2024-01-02T08:00:00
316,5,1,5,26.86,2024-01-02T05:00:00
317,5,12,4,86.04,2024-01-02T12:00:00
318,4,13,5,48.63,2024-01-02T13:00:00
319,5,11,2,47.46,2024-01-02T17:00:00
320,4,4,2,80.69,2024-01-02T22:00:00
321,2,11,5,59.78,2024-01-02T22:00:00
322,2,8,2,85.84,2024-01-02T13:00:00
323,3,15,3,94.66,2024-01-02T06:00:00
324,2,4,5,38.46,2024-01-02T09:00:00
325,1,11,3,73.57,2024-01-02T00:00:00
326,2,17,3,9.25,2024-01-02T10:00:00
327,3,16,1,31.2,2024-01-02T18:00:00
328,3,7,1,31.92,2024-01-02T17:00:00
329,1,14,1,72.54,2024-01-02T22:00:00
330,2,11,2,92.25,2024-01-02T00:00:00
331,1,11,4,23.58,2024-01-02T21:00:00
332,3,6,1,29.51,2024-01-02T16:00:00
333,1,15,2,55.44,2024-01-02T01:00:00
334,5,10,3,41.41,2024-01-02T19:00:00
335,3,18,1,59.33,2024-01-02T13:00:00
336,2,5,3,32.32,2024-01-02T01:00:00
337,2,8,1,62.53,2024-01-02T00:00:00
338,1,2,1,26.89,2024-01-02T16:00:00
339,5,11,3,14.86,2024-01-02T10:00:00
340,4,5,4,86.41,2024-01-02T15:00:00
341,3,9,5,12.73,2024-01-02T04:00:00
342,3,16,3,73.4,2024-01-02T05:00:00
343,3,1,5,7.44,2024-01-02T23:00:00
344,2,9,1,38.8,2024-01-02T06:00:00
345,2,9,3,86.27,2024-01-02T02:00:00
346,5,4,5,58.29,2024-01-02T02:00:00
347,5,2,1,10.55,2024-01-02T14:00:00
348,1,20,5,95.54,2024-01-02T11:00:00
349,5,8,4,85.19,2024-01-02T13:00:00
350,4,5,1,87.35,2024-01-02T07:00:00
351,2,20,3,66.53,2024-01-02T05:00:00
352,1,5,3,95.37,2024-01-02T15:00:00
353,3,19,3,83.84,2024-01-02T05:00:00
354,3,2,1,13.63,2024-01-02T10:00:00
355,4,3,5,35.45,2024-01-02T18:00:00
356,1,7,4,28.58,2024-01-02T01:00:00
357,3,13,3,41.49,2024-01-02T07:00:00
358,5,20,2,80.27,2024-01-02T12:00:00
359,5,8,1,40.74,2024-01-02T01:00:00
360,1,2,3,28.07,2024-01-02T12:00:00
361,2,3,4,74.86,2024-01-02T11:00:00
362,3,2,3,32.95,2024-01-02T13:00:00
363,2,15,3,99.3,2024-01-02T21:00:00
364,3,13,1,80.38,2024-01-02T01:00:00
365,3,18,3,67.09,2024-01-02T19:00:00
366,1,2,2,38.89,2024-01-02T21:00:00
367,2,13,2,85.45,2024-01-02T10:00:00
368,1,11,5,62.27,2024-01-02T05:00:00
369,1,2,1,50.77,2024-01-02T20:00:00
370,2,7,1,95.87,2024-01-02T03:00:00
371,4,20,2,42.61,2024-01-02T18:00:00
372,4,8,2,12.51,2024-01-02T10:00:00
373,5,10,3,81.12,2024-01-02T01:00:00
374,5,1,2,81.92,2024-01-02T04:00:00
375,5,2,5,81.85,2024-01-02T08:00:00
376,3,10,3,30.36,2024-01-02T18:00:00
377,5,15,4,88.92,2024-01-02T22:00:00
378,5,14,5,59.52,2024-01-02T16:00:00
379,1,3,5,34.28,2024-01-02T22:00:00
380,1,16,2,86.41,2024-01-02T02:00:00
381,4,5,1,58.21,2024-01-02T12:00:00
382,5,6,4,82.39,2024-01-02T09:00:00
383,5,18,4,16.06,2024-01-02T07:00:00
384,5,16,4,42.27,2024-01-02T06:00:00
385,2,15,1,62.06,2024-01-02T01:00:00
386,5,12,5,53.91,2024-01-02T18:00:00
387,1,18,5,92.02,2024-01-02T02:00:00
388,4,4,5,89.64,2024-01-02T05:00:00
389,1,10,3,32.01,2024-01-02T13:00:00
390,4,18,5,63.51,2024-01-02T10:00:00
391,1,3,5,76.22,2024-01-02T03:00:00
392,2,8,1,59.26,2024-01-02T23:00:00
393,5,13,4,96.41,2024-01-02T15:00:00
394,3,6,2,95.66,2024-01-02T06:00:00
395,1,1,5,50.52,2024-01-02T19:00:00
396,2,6,1,49.25,2024-01-02T13:00:00
397,1,20,2,57.91,2024-01-02T21:00:00
398,3,7,4,12.79,2024-01-02T21:00:00
399,3,16,2,18.7,2024-01-02T22:00:00
400,4,19,1,89.82,2024-01-02T01:00:00
401,4,18,2,33.56,2024-01-03T13:00:00
402,4,3,4,58.37,2024-01-03T16:00:00
403,3,15,4,98.2,2024-01-03T20:00:00
404,1,20,4,25.29,2024-01-03T03:00:00
405,4,14,1,68.82,2024-01-03T20:00:00
406,4,11,5,46.23,2024-01-03T14:00:00
407,3,17,3,59.55,2024-01-03T00:00:00
408,3,20,5,66.02,2024-01-03T02:00:00
409,4,9,3,88.51,2024-01-03T02:00:00
410,2,10,5,76.69,2024-01-03T15:00:00
411,1,20,3,16.96,2024-01-03T11:00:00
412,4,19,4,80.98,2024-01-03T12:00:00
413,4,7,4,47.09,2024-01-03T01:00:00
414,1,16,1,54.0,2024-01-03T01:00:00
415,2,18,1,44.06,2024-01-03T17:00:00
416,2,18,1,58.17,2024-01-03T01:00:00
417,1,15,3,61.13,2024-01-03T14:00:00
418,4,1,1,23.5,2024-01-03T06:00:00
419,5,6,1,20.03,2024-01-03T16:00:00
420,4,18,3,80.72,2024-01-03T06:00:00
421,3,1,2,51.35,2024-01-03T13:00:00
422,3,9,4,16.38,2024-01-03T08:00:00
423,2,4,2,51.05,2024-01-03T23:00:00
424,5,18,4,6.74,2024-01-03T09:00:00
425,3,10,5,80.15,2024-01-03T11:00:00
426,4,5,2,48.42,2024-01-03T07:00:00
427,2,10,4,22.72,2024-01-03T04:00:00
428,3,14,1,16.73,2024-01-03T16:00:00
429,3,2,5,20.56,2024-01-03T00:00:00
430,3,13,3,15.85,2024-01-03T02:00:00
431,1,16,4,89.52,2024-01-03T17:00:00
432,1,1,4,39.45,2024-01-03T16:00:00
433,1,6,5,75.55,2024-01-03T06:00:00
434,5,13,1,64.3,2024-01-03T17:00:00
435,3,14,2,87.58,2024-01-03T04:00:00
436,4,20,4,80.48,2024-01-03T16:00:00
437,2,3,3,68.09,2024-01-03T01:00:00
438,2,3,5,81.04,2024-01-03T12:00:00
439,2,17,4,79.14,2024-01-03T08:00:00
440,1,13,5,34.98,2024-01-03T16:00:00
441,5,14,1,65.35,2024-01-03T10:00:00
442,3,11,3,66.06,2024-01-03T17:00:00
443,4,2,3,60.16,2024-01-03T16:00:00
444,5,11,2,61.23,2024-01-03T20:00:00
445,5,3,5,40.22,2024-01-03T13:00:00
446,2,13,5,57.49,2024-01-03T00:00:00
447,2,17,1,98.16,2024-01-03T03:00:00
448,3,8,4,7.17,2024-01-03T11:00:00
449,2,17,1,53.46,2024-01-03T10:00:00
450,5,17,3,55.36,2024-01-03T08:00:00
451,5,20,2,49.05,2024-01-03T13:00:00
452,2,19,1,60.1,2024-01-03T20:00:00
453,2,8,2,27.24,2024-01-03T22:00:00
454,5,14,1,94.43,2024-01-03T03:00:00
455,3,7,4,8.8,2024-01-03T02:00:00
456,3,19,2,27.26,2024-01-03T07:00:00
457,2,12,5,66.09,2024-01-03T23:00:00
458,1,16,5,75.93,2024-01-03T09:00:00
459,1,18,2,81.67,2024-01-03T08:00:00
460,5,1,4,48.97,2024-01-03T13:00:00
461,4,4,2,38.87,2024-01-03T18:00:00
462,1,16,2,87.59,2024-01-03T06:00:00
463,5,19,5,48.4,2024-01-03T18:00:00
464,2,6,5,29.8,2024-01-03T11:00:00
465,4,12,5,60.27,2024-01-03T15:00:00
466,4,10,1,21.68,2024-01-03T03:00:00
467,2,1,2,85.93,2024-01-03T00:00:00
468,4,18,3,9.44,2024-01-03T13:00:00
469,5,8,3,17.36,2024-01-03T19:00:00
470,1,10,5,40.4,2024-01-03T09:00:00
471,3,1,1,39.18,2024-01-03T12:00:00
472,4,19,3,69.39,2024-01-03T19:00:00
473,1,8,5,80.61,2024-01-03T11:00:00
474,5,15,1,92.48,2024-01-03T02:00:00
475,1,16,4,71.66,2024-01-03T16:00:00
476,5,14,2,74.02,2024-01-03T04:00:00
477,1,8,2,97.43,2024-01-03T14:00:00
478,5,11,5,37.27,2024-01-03T19:00:00
479,3,17,5,72.38,2024-01-03T23:00:00
480,1,14,3,90.66,2024-01-03T07:00:00
481,1,13,5,29.8,2024-01-03T01:00:00
482,5,6,1,30.14,2024-01-03T15:00:00
483,4,12,2,13.87,2024-01-03T05:00:00
484,2,10,1,47.13,2024-01-03T10:00:00
485,5,20,3,20.13,2024-01-03T20:00:00
486,1,9,4,66.63,2024-01-03T06:00:00
487,1,6,2,93.04,2024-01-03T00:00:00
488,1,4,3,95.53,2024-01-03T19:00:00
489,1,3,2,72.98,2024-01-03T21:00:00
490,2,18,2,80.81,2024-01-03T03:00:00
491,2,16,4,96.81,2024-01-03T05:00:00
492,1,18,4,6.48,2024-01-03T16:00:00
493,2,3,1,91.12,2024-01-03T08:00:00
494,2,18,1,88.89,2024-01-03T17:00:00
495,4,18,4,73.11,2024-01-03T21:00:00
496,3,8,3,87.37,2024-01-03T11:00:00
497,5,5,5,16.38,2024-01-03T19:00:00
498,3,3,4,20.28,2024-01-03T14:00:00
499,4,2,4,60.13,2024-01-03T00:00:00
500,2,4,2,37.57,2024-01-03T06:00:00
501,4,12,5,78.37,2024-01-03T08:00:00
502,1,6,1,68.83,2024-01-03T09:00:00
503,2,6,5,53.5,2024-01-03T02:00:00
504,4,17,1,69.39,2024-01-03T05:00:00
505,1,2,4,22.38,2024-01-03T01:00:00
506,2,1,2,77.24,2024-01-03T10:00:00
507,2,13,5,65.56,2024-01-03T02:00:00
508,2,19,4,61.78,2024-01-03T21:00:00
509,5,10,1,59.54,2024-01-03T21:00:00
510,3,20,5,14.44,2024-01-03T04:00:00
511,2,6,3,52.2,2024-01-03T15:00:00
512,4,13,1,25.9,2024-01-03T11:00:00
513,3,5,4,77.65,2024-01-03T22:00:00
514,2,9,3,34.43,2024-01-03T10:00:00
515,4,15,2,77.92,2024-01-03T04:00:00
516,2,2,5,90.3,2024-01-03T07:00:00
517,4,13,2,12.42,2024-01-03T03:00:00
518,5,14,5,74.43,2024-01-03T15:00:00
519,4,16,3,36.26,2024-01-03T19:00:00
520,2,14,1,16.46,2024-01-03T19:00:00
521,4,19,3,96.11,2024-01-03T06:00:00
522,1,4,2,47.43,2024-01-03T16:00:00
523,1,11,2,91.85,2024-01-03T19:00:00
524,5,13,4,95.6,2024-01-03T16:00:00
525,3,1,3,25.7,2024-01-03T19:00:00
526,5,1,5,60.8,2024-01-03T12:00:00
527,3,7,1,39.59,2024-01-03T09:00:00
528,1,5,2,5.63,2024-01-03T11:00:00
529,4,5,3,49.58,2024-01-03T19:00:00
530,5,1,3,71.4,2024-01-03T19:00:00
531,3,3,5,50.6,2024-01-03T04:00:00
532,2,15,4,87.06,2024-01-03T10:00:00
533,4,19,4,18.81,2024-01-03T10:00:00
534,1,11,3,62.69,2024-01-03T01:00:00
535,2,17,1,80.48,2024-01-03T04:00:00
536,2,3,2,23.97,2024-01-03T13:00:00
537,2,8,3,32.19,2024-01-03T06:00:00
538,1,13,4,17.58,2024-01-03T12:00:00
539,2,15,2,58.57,2024-01-03T11:00:00
540,5,16,1,6.16,2024-01-03T02:00:00
541,1,14,4,54.42,2024-01-03T00:00:00
542,4,18,1,93.35,2024-01-03T03:00:00
543,4,15,1,44.47,2024-01-03T01:00:00
544,4,9,1,48.65,2024-01-03T08:00:00
545,4,11,3,65.49,2024-01-03T01:00:00
546,4,5,4,8.26,2024-01-03T03:00:00
547,1,20,5,93.98,2024-01-03T02:00:00
548,5,6,3,39.55,2024-01-03T14:00:00
549,5,3,4,75.06,2024-01-03T15:00:00
550,2,13,4,95.27,2024-01-03T18:00:00
551,2,5,1,15.95,2024-01-03T19:00:00
552,1,11,4,40.09,2024-01-03T05:00:00
553,4,11,2,23.99,2024-01-03T05:00:00
554,5,14,1,49.82,2024-01-03T08:00:00
555,5,1,5,11.42,2024-01-03T20:00:00
556,1,6,1,86.2,2024-01-03T19:00:00
557,2,7,5,24.48,2024-01-03T14:00:00
558,3,10,1,33.89,2024-01-03T01:00:00
559,5,4,4,22.16,2024-01-03T14:00:00
560,3,15,3,10.42,2024-01-03T19:00:00
561,2,18,3,15.34,2024-01-03T16:00:00
562,1,20,1,92.98,2024-01-03T19:00:00
563,2,19,3,96.48,2024-01-03T14:00:00
564,3,11,1,45.96,2024-01-03T16:00:00
565,5,19,1,14.35,2024-01-03T23:00:00
566,3,2,4,5.29,2024-01-03T20:00:00
567,4,3,1,30.89,2024-01-03T17:00:00
568,2,12,1,38.13,2024-01-03T07:00:00
569,3,20,4,47.8,2024-01-03T12:00:00
570,5,11,3,66.3,2024-01-03T03:00:00
571,1,12,1,82.0,2024-01-03T14:00:00
572,3,8,4,81.33,2024-01-03T22:00:00
573,2,13,1,67.86,2024-01-03T05:00:00
574,5,8,3,92.98,2024-01-03T23:00:00
575,1,7,2,16.87,2024-01-03T15:00:00
576,3,2,2,24.67,2024-01-03T15:00:00
577,2,7,4,64.47,2024-01-03T12:00:00
578,1,4,3,31.12,2024-01-03T23:00:00
579,4,1,2,71.12,2024-01-03T06:00:00
580,5,12,4,29.51,2024-01-03T23:00:00
581,1,17,1,96.35,2024-01-03T05:00:00
582,1,14,1,37.21,2024-01-03T10:00:00
583,3,4,4,52.96,2024-01-03T18:00:00
584,1,7,5,58.92,2024-01-03T14:00:00
585,3,13,5,33.69,2024-01-03T12:00:00
586,2,12,4,10.53,2024-01-03T13:00:00
587,4,5,5,62.57,2024-01-03T08:00:00
588,1,2,2,93.36,2024-01-03T04:00:00
589,1,14,2,74.29,2024-01-03T03:00:00
590,2,19,1,79.42,2024-01-03T01:00:00
591,4,2,1,31.66,2024-01-03T05:00:00
592,2,2,1,52.26,2024-01-03T08:00:00
593,4,9,4,44.07,2024-01-03T02:00:00
594,3,2,3,57.94,2024-01-03T08:00:00
595,2,2,5,8.79,2024-01-03T15:00:00
596,2,5,4,28.25,2024-01-03T05:00:00
597,5,14,3,51.07,2024-01-03T18:00:00
598,4,8,5,36.14,2024-01-03T13:00:00
599,2,11,5,91.83,2024-01-03T13:00:00
600,4,12,2,51.72,2024-01-03T19:00:00
601,5,5,3,22.15,2024-01-04T21:00:00
602,3,18,1,33.15,2024-01-04T06:00:00
603,4,6,4,49.28,2024-01-04T03:00:00
604,5,1,5,47.15,2024-01-04T00:00:00
605,1,12,5,9.55,2024-01-04T07:00:00
606,4,5,2,66.48,2024-01-04T15:00:00
607,5,10,3,46.26,2024-01-04T13:00:00
608,4,5,3,22.17,2024-01-04T15:00:00
609,3,19,3,83.6,2024-01-04T01:00:00
610,4,1,2,40.19,2024-01-04T14:00:00
611,2,20,1,48.01,2024-01-04T07:00:00
612,4,13,4,25.02,2024-01-04T11:00:00
613,2,11,4,27.31,2024-01-04T13:00:00
614,1,5,4,86.94,2024-01-04T13:00:00
615,3,5,2,71.12,2024-01-04T20:00:00
616,5,15,4,50.27,2024-01-04T19:00:00
617,2,10,4,68.79,2024-01-04T17:00:00
618,4,5,1,44.92,2024-01-04T15:00:00
619,3,10,3,69.4,2024-01-04T06:00:00
620,5,17,5,49.09,2024-01-04T21:00:00
621,2,1,3,38.68,2024-01-04T13:00:00
622,2,15,2,66.19,2024-01-04T22:00:00
623,4,9,4,43.83,2024-01-04T00:00:00
624,5,4,4,95.14,2024-01-04T16:00:00
625,5,14,4,6.76,2024-01-04T20:00:00
626,5,9,3,78.92,2024-01-04T16:00:00
627,3,6,4,74.42,2024-01-04T15:00:00
628,3,16,4,54.05,2024-01-04T19:00:00
629,5,1,5,21.47,2024-01-04T17:00:00
630,2,9,1,75.36,2024-01-04T03:00:00
631,2,5,2,28.47,2024-01-04T02:00:00
632,4,6,2,58.42,2024-01-04T13:00:00
633,1,11,4,38.07,2024-01-04T04:00:00
634,5,2,5,71.8,2024-01-04T21:00:00
635,1,7,1,87.22,2024-01-04T00:00:00
636,4,12,3,15.61,2024-01-04T18:00:00
637,2,14,2,30.82,2024-01-04T16:00:00
638,2,3,4,70.22,2024-01-04T08:00:00
639,3,9,2,60.59,2024-01-04T22:00:00
640,1,10,2,29.89,2024-01-04T01:00:00
641,4,7,5,31.59,2024-01-04T02:00:00
642,4,2,3,77.29,2024-01-04T17:00:00
643,1,13,4,30.86,2024-01-04T10:00:00
644,1,7,1,62.23,2024-01-04T09:00:00
645,3,13,3,17.98,2024-01-04T18:00:00
646,2,15,2,95.66,2024-01-04T09:00:00
647,5,2,3,56.55,2024-01-04T20:00:00
648,4,10,5,53.25,2024-01-04T09:00:00
649,1,7,3,8.98,2024-01-04T08:00:00
650,5,13,5,8.61,2024-01-04T03:00:00
651,4,9,2,38.14,2024-01-04T09:00:00
652,5,12,3,40.69,2024-01-04T09:00:00
653,5,1,2,55.66,2024-01-04T05:00:00
654,2,10,3,10.86,2024-01-04T23:00:00
655,1,9,1,55.0,2024-01-04T04:00:00
656,2,7,5,21.98,2024-01-04T08:00:00
657,1,3,3,39.78,2024-01-04T00:00:00
658,5,12,2,83.3,2024-01-04T05:00:00
659,3,8,5,40.18,2024-01-04T13:00:00
660,1,13,2,39.51,2024-01-04T05:00:00
661,5,13,3,39.73,2024-01-04T05:00:00
662,4,14,4,12.85,2024-01-04T23:00:00
663,5,18,5,27.12,2024-01-04T04:00:00
664,1,6,2,30.06,2024-01-04T10:00:00
665,5,17,2,5.18,2024-01-04T23:00:00
666,1,18,3,12.31,2024-01-04T22:00:00
667,4,5,5,21.49,2024-01-04T00:00:00
668,1,2,4,69.71,2024-01-04T12:00:00
669,5,1,2,24.02,2024-01-04T10:00:00
670,2,19,5,16.27,2024-01-04T10:00:00
671,2,12,5,25.84,2024-01-04T19:00:00
672,5,7,3,90.93,2024-01-04T18:00:00
673,5,6,2,21.59,2024-01-04T01:00:00
674,3,7,2,87.78,2024-01-04T06:00:00
675,4,6,2,23.06,2024-01-04T18:00:00
676,2,8,3,51.84,2024-01-04T21:00:00
677,5,12,3,15.6,2024-01-04T10:00:00
678,3,15,3,41.1,2024-01-04T13:00:00
679,1,7,2,38.86,2024-01-04T10:00:00
680,2,14,5,33.2,2024-01-04T18:00:00
681,1,3,1,91.18,2024-01-04T09:00:00
682,3,19,4,44.71,2024-01-04T23:00:00
683,2,6,5,79.55,2024-01-04T15:00:00
684,2,9,3,32.41,2024-01-04T02:00:00
685,1,1,3,93.94,2024-01-04T20:00:00
686,4,9,5,27.59,2024-01-04T06:00:00
687,3,3,5,7.59,2024-01-04T08:00:00
688,5,7,5,46.71,2024-01-04T02:00:00
689,4,5,3,67.67,2024-01-04T16:00:00
690,1,4,5,35.45,2024-01-04T03:00:00
691,1,1,4,73.05,2024-01-04T02:00:00
692,2,10,3,9.8,2024-01-04T01:00:00
693,2,10,1,87.33,2024-01-04T20:00:00
694,5,4,4,12.08,2024-01-04T12:00:00
695,3,16,3,78.03,2024-01-04T17:00:00
696,4,15,2,7.57,2024-01-04T04:00:00
697,3,14,5,13.71,2024-01-04T07:00:00
698,2,5,2,78.4,2024-01-04T07:00:00
699,4,10,4,5.51,2024-01-04T14:00:00
700,1,19,5,62.98,2024-01-04T03:00:00
701,5,5,1,60.63,2024-01-04T06:00:00
702,5,16,1,52.28,2024-01-04T02:00:00
703,2,19,4,9.03,2024-01-04T19:00:00
704,5,20,1,77.09,2024-01-04T15:00:00
705,4,11,2,40.88,2024-01-04T23:00:00
706,1,10,5,43.7,2024-01-04T00:00:00
707,2,8,1,68.84,2024-01-04T14:00:00
708,2,6,4,73.42,2024-01-04T13:00:00
709,3,14,2,31.11,2024-01-04T18:00:00
710,2,4,3,80.75,2024-01-04T13:00:00
711,5,17,2,46.59,2024-01-04T05:00:00
712,2,20,5,41.55,2024-01-04T18:00:00
713,3,20,3,55.95,2024-01-04T00:00:00
714,3,2,2,61.29,2024-01-04T15:00:00
715,4,19,4,24.62,2024-01-04T06:00:00
716,4,15,5,19.0,2024-01-04T16:00:00
717,4,1,5,17.33,2024-01-04T09:00:00
718,2,16,4,97.08,2024-01-04T13:00:00
719,5,10,1,42.31,2024-01-04T09:00:00
720,2,14,3,91.82,2024-01-04T03:00:00
721,3,6,4,54.51,2024-01-04T09:00:00
722,1,8,4,47.63,2024-01-04T05:00:00
723,5,3,4,63.38,2024-01-04T13:00:00
724,4,5,5,47.75,2024-01-04T20:00:00
725,2,7,1,23.7,2024-01-04T01:00:00
726,2,16,5,46.28,2024-01-04T14:00:00
727,4,3,2,90.65,2024-01-04T12:00:00
728,2,9,3,5.1,2024-01-04T19:00:00
729,1,2,2,63.1,2024-01-04T02:00:00
730,1,4,4,28.93,2024-01-04T00:00:00
731,3,2,4,75.4,2024-01-04T20:00:00
732,3,1,3,21.06,2024-01-04T02:00:00
733,1,7,2,29.7,2024-01-04T08:00:00
734,2,4,3,96.83,2024-01-04T16:00:00
735,5,14,4,81.58,2024-01-04T00:00:00
736,5,9,4,66.82,2024-01-04T07:00:00
737,3,16,1,97.07,2024-01-04T12:00:00
738,4,14,5,52.57,2024-01-04T03:00:00
739,5,3,3,71.09,2024-01-04T02:00:00
740,3,9,4,13.55,2024-01-04T02:00:00
741,4,17,2,94.38,2024-01-04T13:00:00
742,5,20,5,41.5,2024-01-04T13:00:00
743,5,4,3,45.67,2024-01-04T19:00:00
744,3,5,5,38.3,2024-01-04T01:00:00
745,4,6,1,82.71,2024-01-04T00:00:00
746,1,8,2,63.54,2024-01-04T20:00:00
747,4,15,3,10.81,2024-01-04T15:00:00
748,4,4,2,12.63,2024-01-04T00:00:00
749,3,13,4,19.39,2024-01-04T13:00:00
750,2,12,1,58.15,2024-01-04T02:00:00
751,4,15,2,73.55,2024-01-04T13:00:00
752,1,7,1,79.93,2024-01-04T10:00:00
753,4,15,2,51.46,2024-01-04T10:00:00
754,2,7,4,11.64,2024-01-04T23:00:00
755,4,12,4,48.21,2024-01-04T11:00:00
756,2,19,5,92.61,2024-01-04T15:00:00
757,2,1,5,73.6,2024-01-04T06:00:00
758,1,17,4,32.08,2024-01-04T22:00:00
759,3,3,3,40.81,2024-01-04T23:00:00
760,4,9,4,11.59,2024-01-04T04:00:00
761,3,10,4,44.27,2024-01-04T00:00:00
762,1,7,3,86.02,2024-01-04T10:00:00
763,5,2,4,19.72,2024-01-04T05:00:00
764,2,18,3,69.9,2024-01-04T14:00:00
765,5,15,1,90.84,2024-01-04T15:00:00
766,4,5,1,43.22,2024-01-04T08:00:00
767,3,11,3,27.31,2024-01-04T06:00:00
768,4,9,2,32.03,2024-01-04T15:00:00
769,2,10,5,95.32,2024-01-04T22:00:00
770,4,15,4,60.22,2024-01-04T20:00:00
771,2,6,1,65.31,2024-01-04T23:00:00
772,4,20,4,52.83,2024-01-04T19:00:00
773,3,20,2,43.94,2024-01-04T17:00:00
774,4,19,4,19.68,2024-01-04T12:00:00
775,3,12,5,46.91,2024-01-04T13:00:00
776,2,8,1,25.24,2024-01-04T14:00:00
777,5,15,1,9.49,2024-01-04T17:00:00
778,5,11,2,48.23,2024-01-04T02:00:00
779,2,17,5,56.01,2024-01-04T18:00:00
780,1,16,3,69.41,2024-01-04T09:00:00
781,1,6,3,82.99,2024-01-04T19:00:00
782,5,12,1,18.08,2024-01-04T17:00:00
783,3,1,5,60.98,2024-01-04T02:00:00
784,2,19,5,59.17,2024-01-04T02:00:00
785,3,12,1,57.7,2024-01-04T16:00:00
786,2,18,1,91.91,2024-01-04T06:00:00
787,5,2,5,8.59,2024-01-04T02:00:00
788,4,3,1,53.57,2024-01-04T06:00:00
789,5,12,5,46.41,2024-01-04T21:00:00
790,3,2,1,18.17,2024-01-04T16:00:00
791,3,9,4,47.75,2024-01-04T06:00:00
792,4,17,1,8.24,2024-01-04T06:00:00
793,5,17,1,26.88,2024-01-04T05:00:00
794,2,18,4,73.73,2024-01-04T17:00:00
795,2,7,5,50.3,2024-01-04T10:00:00
796,5,14,4,63.39,2024-01-04T18:00:00
797,4,13,5,38.82,2024-01-04T23:00:00
798,3,14,1,64.44,2024-01-04T06:00:00
799,5,20,5,81.41,2024-01-04T09:00:00
800,4,11,4,82.74,2024-01-04T06:00:00
801,5,6,5,71.18,2024-01-05T15:00:00
802,5,7,5,75.61,2024-01-05T01:00:00
803,2,15,3,21.03,2024-01-05T23:00:00
804,1,11,4,86.4,2024-01-05T09:00:00
805,3,6,1,53.05,2024-01-05T14:00:00
806,5,13,3,89.35,2024-01-05T20:00:00
807,1,11,5,57.18,2024-01-05T15:00:00
808,2,13,1,22.5,2024-01-05T21:00:00
809,1,17,3,34.13,2024-01-05T07:00:00
810,5,20,5,30.33,2024-01-05T02:00:00
811,2,8,2,21.85,2024-01-05T11:00:00
812,4,14,2,46.12,2024-01-05T20:00:00
813,2,12,2,20.91,2024-01-05T19:00:00
814,1,19,1,73.1,2024-01-05T17:00:00
815,2,6,2,58.77,2024-01-05T22:00:00
816,4,5,4,72.15,2024-01-05T09:00:00
817,3,1,1,53.14,2024-01-05T18:00:00
818,2,2,4,62.48,2024-01-05T19:00:00
819,5,9,1,14.7,2024-01-05T15:00:00
820,2,17,2,97.68,2024-01-05T09:00:00
821,1,15,2,27.32,2024-01-05T00:00:00
822,3,8,3,5.59,2024-01-05T16:00:00
823,3,11,2,87.64,2024-01-05T22:00:00
824,3,5,2,39.97,2024-01-05T17:00:00
825,2,18,4,81.79,2024-01-05T15:00:00
826,1,4,2,80.61,2024-01-05T05:00:00
827,3,3,3,73.83,2024-01-05T07:00:00
828,5,13,1,32.96,2024-01-05T16:00:00
829,5,10,5,52.63,2024-01-05T00:00:00
830,3,7,1,59.81,2024-01-05T08:00:00
831,4,19,2,87.16,2024-01-05T23:00:00
832,5,17,3,36.05,2024-01-05T06:00:00
833,2,14,2,31.8,2024-01-05T06:00:00
834,1,11,5,78.03,2024-01-05T07:00:00
835,2,11,3,20.79,2024-01-05T20:00:00
836,3,1,4,38.48,2024-01-05T02:00:00
837,1,3,5,91.59,2024-01-05T19:00:00
838,3,6,1,82.45,2024-01-05T03:00:00
839,5,6,4,91.21,2024-01-05T13:00:00
840,3,13,5,14.21,2024-01-05T06:00:00
841,3,5,3,62.41,2024-01-05T23:00:00
842,1,10,5,57.77,2024-01-05T13:00:00
843,4,8,2,19.2,2024-01-05T15:00:00
844,3,6,2,49.4,2024-01-05T09:00:00
845,2,5,2,22.65,2024-01-05T17:00:00
846,4,11,2,40.37,2024-01-05T01:00:00
847,3,16,3,33.61,2024-01-05T00:00:00
848,5,2,5,11.67,2024-01-05T17:00:00
849,4,9,4,72.85,2024-01-05T05:00:00
850,5,13,2,28.7,2024-01-05T04:00:00
851,1,19,1,78.58,2024-01-05T09:00:00
852,2,17,3,83.56,2024-01-05T01:00:00
853,2,1,3,83.02,2024-01-05T19:00:00
854,4,5,2,74.16,2024-01-05T12:00:00
855,3,16,2,18.42,2024-01-05T09:00:00
856,2,15,1,46.69,2024-01-05T21:00:00
857,4,6,2,45.91,2024-01-05T07:00:00
858,2,16,2,45.99,2024-01-05T11:00:00
859,5,15,5,18.41,2024-01-05T17:00:00
860,1,8,4,22.51,2024-01-05T13:00:00
861,5,20,1,41.87,2024-01-05T04:00:00
862,5,19,1,97.54,2024-01-05T19:00:00
863,4,10,5,36.74,2024-01-05T15:00:00
864,3,7,1,65.13,2024-01-05T08:00:00
865,3,6,4,72.08,2024-01-05T06:00:00
866,4,15,2,36.3,2024-01-05T03:00:00
867,1,10,1,70.7,2024-01-05T10:00:00
868,3,5,1,70.39,2024-01-05T06:00:00
869,1,14,4,63.6,2024-01-05T07:00:00
870,1,13,4,15.18,2024-01-05T03:00:00
871,2,4,1,91.59,2024-01-05T07:00:00
872,4,19,4,12.59,2024-01-05T14:00:00
873,3,3,4,20.74,2024-01-05T00:00:00
874,1,6,1,36.94,2024-01-05T20:00:00
875,4,1,1,55.74,2024-01-05T16:00:00
876,4,13,2,54.57,2024-01-05T01:00:00
877,3,12,2,35.96,2024-01-05T22:00:00
878,5,18,4,19.83,2024-01-05T22:00:00
879,4,9,4,92.44,2024-01-05T01:00:00
880,3,8,2,74.33,2024-01-05T18:00:00
881,4,4,3,9.05,2024-01-05T14:00:00
882,3,10,3,53.36,2024-01-05T19:00:00
883,5,7,4,63.88,2024-01-05T05:00:00
884,5,11,5,47.25,2024-01-05T16:00:00
885,2,2,5,71.39,2024-01-05T05:00:00
886,1,20,1,47.98,2024-01-05T05:00:00
887,5,18,5,29.09,2024-01-05T19:00:00
888,5,20,2,5.33,2024-01-05T03:00:00
889,3,19,4,81.04,2024-01-05T09:00:00
890,5,19,5,56.77,2024-01-05T17:00:00
891,4,6,1,96.1,2024-01-05T07:00:00
892,4,1,4,65.19,2024-01-05T12:00:00
893,3,20,2,10.91,2024-01-05T04:00:00
894,4,4,4,45.1,2024-01-05T19:00:00
895,5,10,3,31.29,2024-01-05T03:00:00
896,1,2,1,43.04,2024-01-05T17:00:00
897,5,10,5,78.63,2024-01-05T08:00:00
898,2,4,4,12.7,2024-01-05T19:00:00
899,2,8,5,79.36,2024-01-05T01:00:00
900,4,18,3,73.64,2024-01-05T03:00:00
901,4,17,5,86.36,2024-01-05T22:00:00
902,1,15,1,10.27,2024-01-05T22:00:00
903,5,16,1,59.69,2024-01-05T18:00:00
904,5,20,5,21.84,2024-01-05T05:00:00
905,1,15,2,80.26,2024-01-05T07:00:00
906,5,9,5,99.97,2024-01-05T00:00:00
907,4,3,3,88.92,2024-01-05T16:00:00
908,3,11,1,19.98,2024-01-05T07:00:00
909,1,2,1,58.17,2024-01-05T15:00:00
910,4,3,3,16.03,2024-01-05T01:00:00
911,5,7,2,54.19,2024-01-05T19:00:00
912,1,12,4,98.18,2024-01-05T14:00:00
913,3,13,4,32.3,2024-01-05T15:00:00
914,4,12,4,10.07,2024-01-05T07:00:00
915,2,6,1,11.43,2024-01-05T23:00:00
916,2,18,5,65.83,2024-01-05T10:00:00
917,2,6,1,29.24,2024-01-05T04:00:00
918,2,7,4,41.37,2024-01-05T21:00:00
919,5,13,2,78.24,2024-01-05T17:00:00
920,2,3,3,99.55,2024-01-05T16:00:00
921,3,8,2,56.3,2024-01-05T18:00:00
922,1,11,5,38.73,2024-01-05T12:00:00
923,1,10,4,13.83,2024-01-05T13:00:00
924,4,17,1,12.92,2024-01-05T05:00:00
925,1,20,4,13.79,2024-01-05T22:00:00
926,3,6,3,11.39,2024-01-05T12:00:00
927,3,5,4,56.37,2024-01-05T01:00:00
928,1,18,3,7.03,2024-01-05T02:00:00
929,3,11,5,38.83,2024-01-05T12:00:00
930,3,5,1,82.45,2024-01-05T06:00:00
931,4,4,2,44.46,2024-01-05T15:00:00
932,5,20,3,38.78,2024-01-05T13:00:00
933,3,11,5,72.18,2024-01-05T10:00:00
934,3,11,3,62.05,2024-01-05T10:00:00
935,4,15,3,97.12,2024-01-05T17:00:00
936,5,14,4,78.45,2024-01-05T08:00:00
937,5,10,4,36.66,2024-01-05T23:00:00
938,1,19,4,31.48,2024-01-05T18:00:00
939,4,16,1,64.37,2024-01-05T15:00:00
940,2,7,3,69.19,2024-01-05T20:00:00
941,3,18,4,38.53,2024-01-05T16:00:00
942,2,17,4,61.86,2024-01-05T23:00:00
943,5,14,2,29.82,2024-01-05T22:00:00
944,5,5,5,42.71,2024-01-05T10:00:00
945,3,5,2,53.19,2024-01-05T22:00:00
946,1,12,3,95.71,2024-01-05T21:00:00
947,2,9,4,46.84,2024-01-05T06:00:00
948,1,14,3,19.49,2024-01-05T22:00:00
949,2,16,2,29.51,2024-01-05T06:00:00
950,1,12,4,66.52,2024-01-05T05:00:00
951,2,9,3,28.79,2024-01-05T23:00:00
952,1,14,1,46.8,2024-01-05T16:00:00
953,2,4,2,88.9,2024-01-05T10:00:00
954,3,5,4,75.19,2024-01-05T13:00:00
955,2,6,2,91.03,2024-01-05T18:00:00
956,1,3,2,40.57,2024-01-05T03:00:00
957,3,15,5,30.54,2024-01-05T06:00:00
958,1,5,5,88.51,2024-01-05T00:00:00
959,4,10,2,69.61,2024-01-05T03:00:00
960,5,17,2,51.67,2024-01-05T02:00:00
961,2,1,4,18.0,2024-01-05T16:00:00
962,1,4,1,72.4,2024-01-05T06:00:00
963,2,8,5,57.35,2024-01-05T02:00:00
964,5,8,4,99.88,2024-01-05T16:00:00
965,2,1,1,5.01,2024-01-05T01:00:00
966,4,13,2,74.54,2024-01-05T05:00:00
967,5,17,5,12.28,2024-01-05T15:00:00
968,5,5,4,20.11,2024-01-05T15:00:00
969,1,4,2,86.27,2024-01-05T07:00:00
970,5,11,1,9.11,2024-01-05T21:00:00
971,2,9,4,95.6,2024-01-05T07:00:00
972,3,9,3,86.72,2024-01-05T02:00:00
973,3,17,3,51.32,2024-01-05T04:00:00
974,3,10,5,24.92,2024-01-05T19:00:00
975,2,7,4,62.82,2024-01-05T23:00:00
976,2,15,1,19.41,2024-01-05T06:00:00
977,4,5,1,30.43,2024-01-05T08:00:00
978,5,11,3,82.72,2024-01-05T15:00:00
979,4,9,1,86.45,2024-01-05T08:00:00
980,2,9,5,36.76,2024-01-05T02:00:00
981,3,1,5,49.02,2024-01-05T22:00:00
982,5,6,1,69.48,2024-01-05T18:00:00
983,5,6,4,87.08,2024-01-05T13:00:00
984,2,17,3,89.35,2024-01-05T02:00:00
985,4,4,4,80.94,2024-01-05T19:00:00
986,4,1,3,94.69,2024-01-05T08:00:00
987,1,9,5,78.57,2024-01-05T20:00:00
988,5,4,5,25.46,2024-01-05T23:00:00
989,4,13,5,69.02,2024-01-05T05:00:00
990,5,3,4,70.64,2024-01-05T03:00:00
991,4,18,4,8.8,2024-01-05T17:00:00
992,3,11,4,52.4,2024-01-05T11:00:00
993,5,17,1,52.16,2024-01-05T08:00:00
994,5,12,1,7.16,2024-01-05T14:00:00
995,5,9,5,22.68,2024-01-05T18:00:00
996,3,17,3,8.1,2024-01-05T16:00:00
997,1,15,1,32.0,2024-01-05T17:00:00
998,5,4,2,40.93,2024-01-05T01:00:00
999,5,7,1,54.24,2024-01-05T12:00:00
1000,5,18,3,91.56,2024-01-05T05:00:00
1001,3,11,3,56.52,2024-01-06T18:00:00
1002,2,18,2,56.13,2024-01-06T10:00:00
1003,1,7,1,36.58,2024-01-06T04:00:00
1004,1,16,3,85.44,2024-01-06T00:00:00
1005,2,14,2,62.67,2024-01-06T22:00:00
1006,5,14,3,63.8,2024-01-06T15:00:00
1007,1,20,4,81.98,2024-01-06T07:00:00
1008,4,11,1,73.79,2024-01-06T19:00:00
1009,3,4,1,6.04,2024-01-06T15:00:00
1010,2,18,3,16.5,2024-01-06T06:00:00
1011,2,20,4,82.14,2024-01-06T10:00:00
1012,5,20,5,75.19,2024-01-06T16:00:00
1013,1,13,4,95.28,2024-01-06T14:00:00
1014,2,12,4,29.44,2024-01-06T20:00:00
1015,3,15,1,47.64,2024-01-06T01:00:00
1016,4,7,2,18.91,2024-01-06T15:00:00
1017,2,16,2,37.46,2024-01-06T14:00:00
1018,4,14,4,52.3,2024-01-06T12:00:00
1019,1,7,4,90.37,2024-01-06T12:00:00
1020,3,13,2,87.67,2024-01-06T12:00:00
1021,5,6,3,64.5,2024-01-06T17:00:00
1022,2,13,3,42.37,2024-01-06T08:00:00
1023,5,9,2,7.24,2024-01-06T01:00:00
1024,3,12,3,48.7,2024-01-06T03:00:00
1025,2,9,3,79.61,2024-01-06T15:00:00
1026,4,13,4,59.72,2024-01-06T07:00:00
1027,2,2,3,27.12,2024-01-06T00:00:00
1028,2,15,4,41.7,2024-01-06T03:00:00
1029,1,8,2,99.14,2024-01-06T11:00:00
1030,2,8,3,61.74,2024-01-06T09:00:00
1031,2,7,4,87.76,2024-01-06T15:00:00
1032,1,10,4,30.94,2024-01-06T11:00:00
1033,4,14,1,67.07,2024-01-06T02:00:00
1034,5,15,5,74.72,2024-01-06T14:00:00
1035,1,10,2,66.86,2024-01-06T15:00:00
1036,3,1,4,37.76,2024-01-06T05:00:00
1037,3,8,4,16.45,2024-01-06T00:00:00
1038,4,5,5,18.31,2024-01-06T15:00:00
1039,4,4,5,26.01,2024-01-06T19:00:00
1040,5,10,4,79.12,2024-01-06T15:00:00
1041,2,11,1,83.85,2024-01-06T04:00:00
1042,3,15,1,82.46,2024-01-06T07:00:00
1043,5,17,4,82.82,2024-01-06T12:00:00
1044,3,19,5,46.63,2024-01-06T18:00:00
1045,2,4,4,83.14,2024-01-06T21:00:00
1046,5,5,3,6.1,2024-01-06T10:00:00
1047,3,12,5,90.49,2024-01-06T01:00:00
1048,3,1,4,77.11,2024-01-06T06:00:00
1049,1,16,4,92.93,2024-01-06T14:00:00
1050,5,9,5,25.4,2024-01-06T08:00:00
1051,3,5,2,81.2,2024-01-06T10:00:00
1052,2,4,2,56.22,2024-01-06T20:00:00
1053,5,6,5,40.61,2024-01-06T23:00:00
1054,1,19,1,73.33,2024-01-06T05:00:00
1055,5,20,2,87.28,2024-01-06T00:00:00
1056,1,6,3,27.25,2024-01-06T18:00:00
1057,5,6,4,89.69,2024-01-06T09:00:00
1058,2,3,2,91.42,2024-01-06T11:00:00
1059,4,11,1,46.45,2024-01-06T07:00:00
1060,2,14,4,17.86,2024-01-06T01:00:00
1061,4,19,1,69.33,2024-01-06T23:00:00
1062,2,20,1,27.11,2024-01-06T15:00:00
1063,1,16,1,20.48,2024-01-06T11:00:00
1064,3,16,5,68.58,2024-01-06T00:00:00
1065,5,2,5,86.58,2024-01-06T23:00:00
1066,2,11,2,14.61,2024-01-06T07:00:00
1067,5,13,4,47.21,2024-01-06T06:00:00
1068,5,19,2,96.56,2024-01-06T19:00:00
1069,1,8,5,9.94,2024-01-06T12:00:00
1070,2,1,3,69.29,2024-01-06T20:00:00
1071,5,20,4,22.14,2024-01-06T09:00:00
1072,3,4,1,14.04,2024-01-06T08:00:00
1073,4,20,4,78.77,2024-01-06T07:00:00
1074,4,18,5,19.46,2024-01-06T10:00:00
1075,5,20,4,22.59,2024-01-06T16:00:00
1076,4,10,2,33.2,2024-01-06T14:00:00
1077,2,9,3,42.04,2024-01-06T16:00:00
1078,5,3,3,46.19,2024-01-06T11:00:00
1079,1,19,2,59.52,2024-01-06T14:00:00
1080,2,18,4,96.16,2024-01-06T19:00:00
1081,2,2,4,71.69,2024-01-06T14:00:00
1082,1,17,3,75.93,2024-01-06T19:00:00
1083,2,9,5,25.98,2024-01-06T21:00:00
1084,5,20,5,17.78,2024-01-06T11:00:00
1085,1,10,2,82.92,2024-01-06T20:00:00
1086,4,7,4,42.71,2024-01-06T19:00:00
1087,5,9,2,39.33,2024-01-06T16:00:00
1088,5,8,3,55.47,2024-01-06T00:00:00
1089,3,15,1,13.97,2024-01-06T09:00:00
1090,4,8,4,80.62,2024-01-06T11:00:00
1091,4,13,2,27.14,2024-01-06T21:00:00
1092,4,17,5,76.24,2024-01-06T06:00:00
1093,1,14,1,73.09,2024-01-06T23:00:00
1094,5,18,1,90.05,2024-01-06T18:00:00
1095,2,5,2,94.49,2024-01-06T02:00:00
1096,1,2,3,17.4,2024-01-06T21:00:00
1097,3,16,3,63.28,2024-01-06T00:00:00
1098,2,4,3,34.32,2024-01-06T03:00:00
1099,1,17,1,82.76,2024-01-06T14:00:00
1100,1,3,3,87.53,2024-01-06T19:00:00
1101,4,11,1,64.72,2024-01-06T01:00:00
1102,5,2,4,65.09,2024-01-06T01:00:00
1103,5,5,3,20.99,2024-01-06T15:00:00
1104,4,1,4,89.71,2024-01-06T08:00:00
1105,5,7,3,38.95,2024-01-06T01:00:00
1106,1,20,1,84.66,2024-01-06T01:00:00
1107,3,5,4,44.89,2024-01-06T09:00:00
1108,1,16,4,59.38,2024-01-06T13:00:00
1109,3,15,3,47.5,2024-01-06T01:00:00
1110,2,10,2,5.8,2024-01-06T09:00:00
1111,4,5,4,16.71,2024-01-06T13:00:00
1112,5,18,4,32.85,2024-01-06T22:00:00
1113,5,2,4,50.43,2024-01-06T08:00:00
1114,5,17,3,6.59,2024-01-06T13:00:00
1115,3,7,2,99.39,2024-01-06T23:00:00
1116,1,12,2,43.37,2024-01-06T17:00:00
1117,2,14,5,65.29,2024-01-06T05:00:00
1118,2,15,1,5.01,2024-01-06T05:00:00
1119,5,20,2,26.99,2024-01-06T19:00:00
1120,5,1,2,24.06,2024-01-06T20:00:00
1121,3,19,4,34.71,2024-01-06T16:00:00
1122,4,15,3,36.07,2024-01-06T22:00:00
1123,4,2,3,6.31,2024-01-06T10:00:00
1124,4,8,2,22.36,2024-01-06T02:00:00
1125,5,7,1,58.33,2024-01-06T03:00:00
1126,2,1,2,5.73,2024-01-06T03:00:00
1127,2,8,4,41.62,2024-01-06T12:00:00
1128,4,15,1,71.78,2024-01-06T20:00:00
1129,2,8,4,58.58,2024-01-06T06:00:00
1130,5,4,1,89.5,2024-01-06T07:00:00
1131,4,16,2,29.65,2024-01-06T18:00:00
1132,1,6,4,30.5,2024-01-06T17:00:00
1133,2,16,1,7.51,2024-01-06T19:00:00
1134,5,11,5,48.88,2024-01-06T16:00:00
1135,5,11,2,36.69,2024-01-06T13:00:00
1136,1,14,4,97.33,2024-01-06T06:00:00
1137,4,9,2,69.04,2024-01-06T14:00:00
1138,3,9,1,99.06,2024-01-06T20:00:00
1139,3,20,5,54.06,2024-01-06T09:00:00
1140,3,4,4,26.48,2024-01-06T18:00:00
1141,3,16,2,38.6,2024-01-06T06:00:00
1142,1,1,3,43.48,2024-01-06T06:00:00
1143,4,14,1,9.41,2024-01-06T07:00:00
1144,3,17,2,81.7,2024-01-06T07:00:00
1145,3,18,4,70.08,2024-01-06T02:00:00
1146,4,15,1,44.93,2024-01-06T12:00:00
1147,1,5,4,7.65,2024-01-06T11:00:00
1148,2,9,4,18.92,2024-01-06T00:00:00
1149,4,11,3,93.72,2024-01-06T05:00:00
1150,5,5,3,58.27,2024-01-06T02:00:00
1151,1,2,1,73.48,2024-01-06T12:00:00
1152,2,18,5,27.37,2024-01-06T05:00:00
1153,2,18,4,19.95,2024-01-06T00:00:00
1154,1,6,4,86.6,2024-01-06T10:00:00
1155,5,2,1,9.0,2024-01-06T07:00:00
1156,2,2,3,73.75,2024-01-06T02:00:00
1157,2,18,3,60.88,2024-01-06T23:00:00
1158,1,17,4,29.19,2024-01-06T23:00:00
1159,3,7,2,63.73,2024-01-06T22:00:00
1160,5,8,2,85.21,2024-01-06T23:00:00
1161,3,4,2,29.92,2024-01-06T18:00:00
1162,1,9,2,34.48,2024-01-06T02:00:00
1163,1,10,5,66.78,2024-01-06T11:00:00
1164,4,4,2,17.81,2024-01-06T07:00:00
1165,5,4,2,8.89,2024-01-06T08:00:00
1166,5,14,3,97.02,2024-01-06T22:00:00
1167,3,18,4,26.06,2024-01-06T20:00:00
1168,2,5,1,43.37,2024-01-06T12:00:00
1169,4,20,3,17.83,2024-01-06T05:00:00
1170,5,8,5,34.46,2024-01-06T22:00:00
1171,3,13,1,57.75,2024-01-06T16:00:00
1172,3,11,1,66.37,2024-01-06T05:00:00
1173,3,18,4,6.6,2024-01-06T08:00:00
1174,3,18,5,29.01,2024-01-06T00:00:00
1175,5,13,2,16.79,2024-01-06T12:00:00
1176,1,11,1,38.7,2024-01-06T16:00:00
1177,4,13,3,53.04,2024-01-06T12:00:00
1178,1,11,4,57.99,2024-01-06T07:00:00
1179,1,3,3,61.99,2024-01-06T22:00:00
1180,5,19,2,67.59,2024-01-06T05:00:00
1181,4,11,3,22.94,2024-01-06T13:00:00
1182,5,16,2,55.72,2024-01-06T19:00:00
1183,3,17,2,87.7,2024-01-06T19:00:00
1184,3,17,5,18.94,2024-01-06T10:00:00
1185,3,1,2,64.32,2024-01-06T06:00:00
1186,2,13,4,27.22,2024-01-06T16:00:00
1187,4,5,1,95.33,2024-01-06T14:00:00
1188,1,8,3,92.28,2024-01-06T04:00:00
1189,5,4,5,80.3,2024-01-06T10:00:00
1190,2,19,4,64.68,2024-01-06T08:00:00
1191,1,17,3,77.61,2024-01-06T21:00:00
1192,1,17,1,15.63,2024-01-06T05:00:00
1193,4,6,2,87.51,2024-01-06T03:00:00
1194,1,9,1,87.86,2024-01-06T04:00:00
1195,5,8,4,81.36,2024-01-06T13:00:00
1196,3,17,3,62.65,2024-01-06T12:00:00
1197,1,17,3,82.63,2024-01-06T01:00:00
1198,2,8,4,78.57,2024-01-06T02:00:00
1199,5,8,1,8.76,2024-01-06T13:00:00
1200,3,2,1,45.03,2024-01-06T06:00:00
1201,2,8,2,24.9,2024-01-07T19:00:00
1202,2,3,1,9.04,2024-01-07T22:00:00
1203,3,11,2,12.61,2024-01-07T06:00:00
1204,4,10,2,83.9,2024-01-07T19:00:00
1205,1,17,1,80.95,2024-01-07T15:00:00
1206,1,18,4,46.65,2024-01-07T10:00:00
1207,5,6,2,68.69,2024-01-07T02:00:00
1208,1,12,2,48.4,2024-01-07T16:00:00
1209,1,1,1,67.7,2024-01-07T08:00:00
1210,3,17,2,17.35,2024-01-07T13:00:00
1211,5,8,2,12.75,2024-01-07T03:00:00
1212,1,9,3,23.58,2024-01-07T19:00:00
1213,4,5,5,70.42,2024-01-07T11:00:00
1214,2,4,2,25.71,2024-01-07T16:00:00
1215,4,14,3,76.46,2024-01-07T23:00:00
1216,4,2,4,37.03,2024-01-07T23:00:00
1217,5,15,3,25.64,2024-01-07T02:00:00
1218,2,10,3,67.19,2024-01-07T20:00:00
1219,1,17,5,93.15,2024-01-07T19:00:00
1220,1,1,3,44.92,2024-01-07T10:00:00
1221,1,6,5,8.06,2024-01-07T20:00:00
1222,3,18,5,9.89,2024-01-07T02:00:00
1223,3,15,3,54.38,2024-01-07T13:00:00
1224,2,14,3,14.83,2024-01-07T22:00:00
1225,3,15,1,98.81,2024-01-07T11:00:00
1226,1,19,3,22.42,2024-01-07T13:00:00
1227,1,14,2,72.72,2024-01-07T01:00:00
1228,1,12,5,10.81,2024-01-07T08:00:00
1229,5,16,1,95.88,2024-01-07T14:00:00
1230,5,5,1,82.23,2024-01-07T16:00:00
1231,4,7,4,5.79,2024-01-07T00:00:00
1232,1,10,4,48.79,2024-01-07T05:00:00
1233,4,15,5,80.79,2024-01-07T02:00:00
1234,4,6,1,66.68,2024-01-07T08:00:00
1235,4,7,3,90.73,2024-01-07T01:00:00
1236,5,12,1,63.59,2024-01-07T16:00:00
1237,5,12,1,70.3,2024-01-07T17:00:00
1238,3,20,2,93.79,2024-01-07T13:00:00
1239,4,14,2,24.33,2024-01-07T12:00:00
1240,5,3,3,29.66,2024-01-07T09:00:00
1241,5,13,1,92.83,2024-01-07T19:00:00
1242,3,15,5,47.84,2024-01-07T23:00:00
1243,3,9,1,30.34,2024-01-07T17:00:00
1244,3,16,5,10.85,2024-01-07T06:00:00
1245,5,19,4,20.73,2024-01-07T12:00:00
1246,4,20,5,34.53,2024-01-07T19:00:00
1247,1,12,5,5.15,2024-01-07T23:00:00
1248,4,9,2,72.43,2024-01-07T11:00:00
1249,5,12,1,68.37,2024-01-07T11:00:00
1250,3,2,3,67.85,2024-01-07T10:00:00
1251,2,15,4,25.14,2024-01-07T03:00:00
1252,3,2,1,91.48,2024-01-07T05:00:00
1253,3,19,2,78.2,2024-01-07T13:00:00
1254,3,6,5,53.8,2024-01-07T20:00:00
1255,4,11,3,61.91,2024-01-07T05:00:00
1256,4,9,5,24.62,2024-01-07T14:00:00
1257,1,16,5,12.4,2024-01-07T03:00:00
1258,1,18,1,68.1,2024-01-07T01:00:00
1259,3,19,5,94.46,2024-01-07T19:00:00
1260,1,11,4,26.4,2024-01-07T20:00:00
1261,3,3,4,46.98,2024-01-07T23:00:00
1262,4,5,1,85.37,2024-01-07T14:00:00
1263,4,8,2,39.11,2024-01-07T10:00:00
1264,2,2,2,77.09,2024-01-07T06:00:00
1265,5,6,5,64.92,2024-01-07T18:00:00
1266,2,11,1,39.69,2024-01-07T21:00:00
1267,4,6,4,98.07,2024-01-07T12:00:00
1268,5,9,1,99.25,2024-01-07T18:00:00
1269,4,12,4,99.77,2024-01-07T09:00:00
1270,3,20,4,65.51,2024-01-07T15:00:00
1271,5,9,1,41.82,2024-01-07T15:00:00
1272,2,7,2,84.76,2024-01-07T01:00:00
1273,1,6,3,48.5,2024-01-07T06:00:00
1274,2,4,3,16.63,2024-01-07T00:00:00
1275,1,10,2,99.56,2024-01-07T01:00:00
1276,5,4,5,97.94,2024-01-07T01:00:00
1277,3,11,5,19.51,2024-01-07T18:00:00
1278,1,20,5,12.25,2024-01-07T20:00:00
1279,4,16,2,69.73,2024-01-07T21:00:00
1280,1,19,1,40.55,2024-01-07T03:00:00
1281,5,19,1,94.96,2024-01-07T23:00:00
1282,4,16,1,10.43,2024-01-07T14:00:00
1283,3,14,5,15.69,2024-01-07T16:00:00
1284,2,17,5,80.44,2024-01-07T14:00:00
1285,4,19,1,82.51,2024-01-07T08:00:00
1286,5,6,1,51.32,2024-01-07T07:00:00
1287,3,7,2,65.78,2024-01-07T06:00:00
1288,5,13,1,94.97,2024-01-07T23:00:00
1289,4,14,3,46.43,2024-01-07T21:00:00
1290,1,8,1,89.82,2024-01-07T17:00:00
1291,3,10,4,91.21,2024-01-07T00:00:00
1292,4,4,3,75.64,2024-01-07T16:00:00
1293,2,5,3,53.28,2024-01-07T07:00:00
1294,4,20,2,56.62,2024-01-07T22:00:00
1295,3,3,3,39.53,2024-01-07T14:00:00
1296,3,18,3,22.07,2024-01-07T07:00:00
1297,2,19,1,91.15,2024-01-07T16:00:00
1298,3,10,3,13.13,2024-01-07T07:00:00
1299,4,3,4,31.15,2024-01-07T01:00:00
1300,1,20,2,66.56,2024-01-07T20:00:00
1301,2,6,3,79.35,2024-01-07T15:00:00
1302,2,4,2,83.97,2024-01-07T17:00:00
1303,3,1,5,20.5,2024-01-07T15:00:00
1304,5,16,4,63.18,2024-01-07T04:00:00
1305,2,16,5,69.56,2024-01-07T11:00:00
1306,3,14,3,97.51,2024-01-07T02:00:00
1307,1,3,5,43.19,2024-01-07T04:00:00
1308,1,14,1,7.59,2024-01-07T08:00:00
1309,5,17,3,12.23,2024-01-07T23:00:00
1310,4,11,4,54.41,2024-01-07T16:00:00
1311,4,13,5,28.52,2024-01-07T01:00:00
1312,1,8,5,56.86,2024-01-07T00:00:00
1313,4,14,4,83.62,2024-01-07T19:00:00
1314,4,13,5,64.16,2024-01-07T01:00:00
1315,1,13,1,61.25,2024-01-07T11:00:00
1316,4,15,3,58.99,2024-01-07T21:00:00
1317,1,16,2,10.09,2024-01-07T22:00:00
1318,4,20,2,25.41,2024-01-07T01:00:00
1319,2,12,5,46.41,2024-01-07T00:00:00
1320,4,15,3,49.86,2024-01-07T19:00:00
1321,5,8,2,79.65,2024-01-07T00:00:00
1322,3,10,1,24.3,2024-01-07T15:00:00
1323,5,10,1,16.65,2024-01-07T02:00:00
1324,5,1,4,76.05,2024-01-07T01:00:00
1325,5,2,2,69.32,2024-01-07T15:00:00
1326,5,10,5,18.73,2024-01-07T20:00:00
1327,5,8,1,25.81,2024-01-07T23:00:00
1328,5,8,3,22.43,2024-01-07T07:00:00
1329,4,20,1,10.22,2024-01-07T21:00:00
1330,5,3,3,7.31,2024-01-07T10:00:00
1331,5,18,4,45.8,2024-01-07T16:00:00
1332,2,8,4,19.05,2024-01-07T21:00:00
1333,5,17,3,87.75,2024-01-07T15:00:00
1334,1,13,4,30.18,2024-01-07T08:00:00
1335,1,20,3,96.45,2024-01-07T12:00:00
1336,3,17,2,34.84,2024-01-07T21:00:00
1337,2,14,3,30.69,2024-01-07T18:00:00
1338,5,5,4,13.09,2024-01-07T01:00:00
1339,5,5,4,5.59,2024-01-07T10:00:00
1340,2,8,4,66.76,2024-01-07T19:00:00
1341,3,17,4,88.41,2024-01-07T17:00:00
1342,5,2,2,30.47,2024-01-07T19:00:00
1343,2,16,4,6.14,2024-01-07T19:00:00
1344,4,6,4,82.71,2024-01-07T06:00:00
1345,5,16,5,36.1,2024-01-07T09:00:00
1346,2,16,1,61.86,2024-01-07T17:00:00
1347,2,6,2,57.99,2024-01-07T13:00:00
1348,4,19,3,75.68,2024-01-07T18:00:00
1349,4,10,3,40.42,2024-01-07T14:00:00
1350,3,1,5,41.33,2024-01-07T07:00:00
1351,2,3,1,79.33,2024-01-07T22:00:00
1352,4,5,4,80.88,2024-01-07T09:00:00
1353,2,16,2,50.51,2024-01-07T15:00:00
1354,1,10,3,32.59,2024-01-07T22:00:00
1355,2,11,5,90.88,2024-01-07T03:00:00
1356,5,17,4,6.55,2024-01-07T04:00:00
1357,1,12,5,6.05,2024-01-07T03:00:00
1358,2,15,3,76.97,2024-01-07T09:00:00
1359,2,2,5,23.44,2024-01-07T22:00:00
1360,4,15,1,98.18,2024-01-07T04:00:00
1361,2,4,3,29.32,2024-01-07T02:00:00
1362,4,17,4,18.48,2024-01-07T01:00:00
1363,1,16,1,72.38,2024-01-07T04:00:00
1364,1,19,3,12.84,2024-01-07T23:00:00
1365,1,1,3,45.55,2024-01-07T09:00:00
1366,1,15,1,68.58,2024-01-07T17:00:00
1367,2,12,3,50.18,2024-01-07T00:00:00
1368,3,10,1,36.88,2024-01-07T11:00:00
1369,2,9,1,75.52,2024-01-07T13:00:00
1370,2,10,2,79.28,2024-01-07T23:00:00
1371,1,20,3,79.52,2024-01-07T04:00:00
1372,3,7,3,91.83,2024-01-07T06:00:00
1373,1,11,3,77.03,2024-01-07T11:00:00
1374,1,16,4,73.65,2024-01-07T13:00:00
1375,3,14,5,58.31,2024-01-07T04:00:00
1376,2,5,5,55.61,2024-01-07T22:00:00
1377,2,5,2,25.35,2024-01-07T12:00:00
1378,2,15,3,38.37,2024-01-07T07:00:00
1379,2,6,5,60.59,2024-01-07T16:00:00
1380,1,10,1,21.78,2024-01-07T17:00:00
1381,4,6,5,63.89,2024-01-07T20:00:00
1382,2,18,5,71.2,2024-01-07T21:00:00
1383,3,18,4,36.83,2024-01-07T18:00:00
1384,3,2,3,55.78,2024-01-07T21:00:00
1385,4,10,4,9.72,2024-01-07T20:00:00
1386,3,9,2,40.2,2024-01-07T14:00:00
1387,4,4,5,27.21,2024-01-07T08:00:00
1388,2,1,5,76.86,2024-01-07T17:00:00
1389,3,16,2,54.35,2024-01-07T05:00:00
1390,2,10,2,78.63,2024-01-07T19:00:00
1391,1,15,2,18.64,2024-01-07T01:00:00
1392,1,20,5,41.37,2024-01-07T09:00:00
1393,4,5,3,74.15,2024-01-07T21:00:00
1394,2,9,1,58.7,2024-01-07T10:00:00
1395,2,6,3,8.83,2024-01-07T19:00:00
1396,5,12,3,99.43,2024-01-07T17:00:00
1397,2,16,2,12.9,2024-01-07T17:00:00
1398,5,2,2,64.58,2024-01-07T14:00:00
1399,1,5,1,72.08,2024-01-07T10:00:00
1400,5,6,4,91.16,2024-01-07T01:00:00
1401,1,20,2,17.48,2024-01-08T13:00:00
1402,5,8,3,7.8,2024-01-08T02:00:00
1403,5,20,4,16.37,2024-01-08T01:00:00
1404,1,10,3,42.51,2024-01-08T15:00:00
1405,3,2,3,94.96,2024-01-08T15:00:00
1406,3,9,5,7.15,2024-01-08T18:00:00
1407,3,20,4,13.89,2024-01-08T20:00:00
1408,1,5,1,11.61,2024-01-08T06:00:00
1409,1,19,2,51.47,2024-01-08T15:00:00
1410,1,2,4,65.9,2024-01-08T16:00:00
1411,5,12,5,49.72,2024-01-08T17:00:00
1412,5,8,4,83.25,2024-01-08T05:00:00
1413,1,15,5,12.22,2024-01-08T06:00:00
1414,4,19,1,67.33,2024-01-08T13:00:00
1415,4,2,4,14.99,2024-01-08T23:00:00
1416,3,2,3,80.0,2024-01-08T23:00:00
1417,3,6,4,32.72,2024-01-08T10:00:00
1418,3,13,4,17.5,2024-01-08T07:00:00
1419,5,19,4,21.16,2024-01-08T15:00:00
1420,3,14,3,49.51,2024-01-08T00:00:00
1421,1,4,5,32.22,2024-01-08T00:00:00
1422,5,16,2,29.99,2024-01-08T10:00:00
1423,5,11,5,83.41,2024-01-08T01:00:00
1424,2,13,1,53.52,2024-01-08T21:00:00
1425,1,17,3,81.03,2024-01-08T06:00:00
1426,5,4,2,28.61,2024-01-08T17:00:00
1427,3,10,1,83.38,2024-01-08T04:00:00
1428,5,9,1,91.39,2024-01-08T15:00:00
1429,4,18,4,98.84,2024-01-08T08:00:00
1430,5,3,5,68.98,2024-01-08T21:00:00
1431,3,12,1,25.6,2024-01-08T22:00:00
1432,5,20,5,67.68,2024-01-08T04:00:00
1433,5,1,2,17.25,2024-01-08T01:00:00
1434,3,11,4,41.89,2024-01-08T18:00:00
1435,1,2,5,98.8,2024-01-08T18:00:00
1436,1,2,3,21.57,2024-01-08T15:00:00
1437,1,4,4,59.34,2024-01-08T04:00:00
1438,2,13,4,77.45,2024-01-08T07:00:00
1439,1,15,4,25.34,2024-01-08T04:00:00
1440,5,15,4,87.19,2024-01-08T22:00:00
1441,5,9,3,77.32,2024-01-08T16:00:00
1442,5,14,4,86.45,2024-01-08T08:00:00
1443,1,20,4,10.99,2024-01-08T20:00:00
1444,1,3,5,58.61,2024-01-08T04:00:00
1445,2,20,2,25.93,2024-01-08T15:00:00
1446,5,11,3,21.96,2024-01-08T06:00:00
1447,4,7,5,81.18,2024-01-08T07:00:00
1448,2,13,1,44.61,2024-01-08T01:00:00
1449,1,1,4,71.03,2024-01-08T22:00:00
1450,4,16,1,57.7,2024-01-08T16:00:00
1451,4,13,1,60.66,2024-01-08T03:00:00
1452,2,10,1,8.51,2024-01-08T20:00:00
1453,1,18,5,51.47,2024-01-08T14:00:00
1454,1,11,3,92.19,2024-01-08T02:00:00
1455,5,5,5,90.52,2024-01-08T06:00:00
1456,2,13,2,30.58,2024-01-08T17:00:00
1457,2,17,3,83.37,2024-01-08T07:00:00
1458,3,7,5,41.24,2024-01-08T02:00:00
1459,5,5,3,74.11,2024-01-08T18:00:00
1460,5,13,2,74.96,2024-01-08T04:00:00
1461,2,7,3,29.91,2024-01-08T14:00:00
1462,3,7,1,59.04,2024-01-08T00:00:00
1463,1,10,1,71.26,2024-01-08T03:00:00
1464,1,13,4,24.48,2024-01-08T14:00:00
1465,4,14,5,68.15,2024-01-08T16:00:00
1466,3,9,4,89.9,2024-01-08T05:00:00
1467,3,17,4,54.84,2024-01-08T09:00:00
1468,1,1,4,89.35,2024-01-08T06:00:00
1469,4,10,3,22.88,2024-01-08T18:00:00
1470,4,4,5,8.04,2024-01-08T02:00:00
1471,2,8,2,11.41,2024-01-08T04:00:00
1472,3,9,4,13.79,2024-01-08T02:00:00
1473,4,10,2,14.89,2024-01-08T09:00:00
1474,2,14,3,6.23,2024-01-08T06:00:00
1475,2,14,2,78.0,2024-01-08T23:00:00
1476,5,8,4,66.41,2024-01-08T21:00:00
1477,1,10,1,34.41,2024-01-08T05:00:00
1478,4,9,3,30.8,2024-01-08T20:00:00
1479,1,19,4,76.99,2024-01-08T10:00:00
1480,4,5,1,90.29,2024-01-08T00:00:00
1481,3,19,1,12.58,2024-01-08T15:00:00
1482,1,10,1,87.5,2024-01-08T09:00:00
1483,3,12,1,25.56,2024-01-08T17:00:00
1484,4,7,4,39.37,2024-01-08T05:00:00
1485,5,3,2,46.38,2024-01-08T20:00:00
1486,4,4,4,53.17,2024-01-08T22:00:00
1487,1,4,5,82.37,2024-01-08T09:00:00
1488,2,15,3,39.97,2024-01-08T06:00:00
1489,2,1,5,68.65,2024-01-08T16:00:00
1490,3,3,3,29.04,2024-01-08T21:00:00
1491,4,3,1,68.38,2024-01-08T20:00:00
1492,3,15,5,82.45,2024-01-08T12:00:00
1493,4,12,4,98.2,2024-01-08T12:00:00
1494,2,15,4,8.29,2024-01-08T20:00:00
1495,3,10,3,73.07,2024-01-08T08:00:00
1496,2,11,3,81.15,2024-01-08T05:00:00
1497,5,17,5,32.3,2024-01-08T16:00:00
1498,2,16,4,81.81,2024-01-08T04:00:00
1499,3,16,4,22.06,2024-01-08T08:00:00
1500,3,9,4,8.75,2024-01-08T22:00:00
1501,3,16,3,91.93,2024-01-08T15:00:00
1502,2,1,1,28.15,2024-01-08T16:00:00
1503,1,10,5,12.44,2024-01-08T23:00:00
1504,2,4,4,28.77,2024-01-08T03:00:00
1505,2,3,3,12.65,2024-01-08T15:00:00
1506,4,4,4,75.07,2024-01-08T20:00:00
1507,4,12,4,46.78,2024-01-08T11:00:00
1508,4,8,2,29.39,2024-01-08T07:00:00
1509,1,19,2,76.79,2024-01-08T22:00:00
1510,3,7,4,17.9,2024-01-08T23:00:00
1511,5,4,4,80.21,2024-01-08T14:00:00
1512,3,11,5,45.71,2024-01-08T11:00:00
1513,2,6,1,30.85,2024-01-08T00:00:00
1514,1,13,3,77.41,2024-01-08T10:00:00
1515,5,2,3,21.18,2024-01-08T03:00:00
1516,3,14,3,67.69,2024-01-08T20:00:00
1517,2,16,4,60.69,2024-01-08T15:00:00
1518,3,2,4,17.14,2024-01-08T07:00:00
1519,2,3,1,96.36,2024-01-08T20:00:00
1520,2,14,2,10.13,2024-01-08T18:00:00
1521,2,1,5,47.16,2024-01-08T20:00:00
1522,2,14,2,56.07,2024-01-08T01:00:00
1523,4,19,2,9.8,2024-01-08T03:00:00
1524,1,8,5,85.4,2024-01-08T05:00:00
1525,2,6,2,18.8,2024-01-08T10:00:00
1526,2,16,4,17.74,2024-01-08T08:00:00
1527,2,1,5,11.01,2024-01-08T17:00:00
1528,2,8,4,72.0,2024-01-08T02:00:00
1529,1,17,5,89.29,2024-01-08T09:00:00
1530,2,11,1,87.7,2024-01-08T02:00:00
1531,2,9,3,64.35,2024-01-08T03:00:00
1532,1,17,4,93.72,2024-01-08T03:00:00
1533,2,20,1,39.14,2024-01-08T14:00:00
1534,4,1,5,86.8,2024-01-08T09:00:00
1535,5,4,1,21.34,2024-01-08T13:00:00
1536,4,7,1,92.09,2024-01-08T01:00:00
1537,4,12,3,80.13,2024-01-08T15:00:00
1538,2,5,2,73.96,2024-01-08T20:00:00
1539,4,12,4,82.17,2024-01-08T10:00:00
1540,4,6,1,28.78,2024-01-08T18:00:00
1541,5,6,4,34.03,2024-01-08T10:00:00
1542,5,8,2,86.68,2024-01-08T13:00:00
1543,5,4,3,68.33,2024-01-08T04:00:00
1544,3,13,4,93.84,2024-01-08T16:00:00
1545,2,1,1,70.56,2024-01-08T14:00:00
1546,1,5,4,34.27,2024-01-08T08:00:00
1547,5,5,2,99.43,2024-01-08T22:00:00
1548,3,12,4,59.25,2024-01-08T16:00:00
1549,3,1,1,30.95,2024-01-08T21:00:00
1550,2,8,2,71.45,2024-01-08T10:00:00
1551,5,3,5,14.57,2024-01-08T07:00:00
1552,2,9,5,44.68,2024-01-08T23:00:00
1553,2,2,1,13.47,2024-01-08T22:00:00
1554,2,18,2,83.73,2024-01-08T03:00:00
1555,5,11,3,21.58,2024-01-08T13:00:00
1556,1,18,1,76.35,2024-01-08T18:00:00
1557,2,14,4,52.18,2024-01-08T12:00:00
1558,2,7,5,60.09,2024-01-08T11:00:00
1559,4,18,4,57.78,2024-01-08T10:00:00
1560,3,19,3,87.65,2024-01-08T08:00:00
1561,1,4,4,95.28,2024-01-08T21:00:00
1562,2,5,2,67.13,2024-01-08T08:00:00
1563,1,19,4,19.33,2024-01-08T19:00:00
1564,4,6,4,92.19,2024-01-08T11:00:00
1565,5,16,4,55.94,2024-01-08T16:00:00
1566,2,4,1,95.67,2024-01-08T18:00:00
1567,5,2,1,91.35,2024-01-08T16:00:00
1568,4,8,5,50.55,2024-01-08T03:00:00
1569,3,5,1,67.19,2024-01-08T07:00:00
1570,1,10,3,16.09,2024-01-08T23:00:00
1571,5,4,5,96.56,2024-01-08T14:00:00
1572,4,15,3,7.36,2024-01-08T01:00:00
1573,2,10,4,31.25,2024-01-08T16:00:00
1574,1,1,5,16.44,2024-01-08T03:00:00
1575,2,12,5,13.54,2024-01-08T01:00:00
1576,5,1,5,23.0,2024-01-08T05:00:00
1577,3,8,1,86.56,2024-01-08T19:00:00
1578,4,12,4,27.82,2024-01-08T15:00:00
1579,5,3,5,52.76,2024-01-08T05:00:00
1580,4,18,3,34.95,2024-01-08T02:00:00
1581,4,2,4,27.52,2024-01-08T13:00:00
1582,3,19,5,98.27,2024-01-08T18:00:00
1583,3,5,4,18.74,2024-01-08T14:00:00
1584,2,7,3,42.44,2024-01-08T11:00:00
1585,2,15,3,6.93,2024-01-08T07:00:00
1586,4,3,5,78.33,2024-01-08T21:00:00
1587,1,7,4,18.76,2024-01-08T00:00:00
1588,2,3,5,16.77,2024-01-08T08:00:00
1589,5,17,3,17.66,2024-01-08T01:00:00
1590,3,8,2,34.49,2024-01-08T21:00:00
1591,3,1,5,5.41,2024-01-08T00:00:00
1592,1,15,3,27.9,2024-01-08T11:00:00
1593,1,16,2,35.58,2024-01-08T16:00:00
1594,5,19,2,67.55,2024-01-08T12:00:00
1595,3,14,4,72.55,2024-01-08T04:00:00
1596,5,1,2,30.09,2024-01-08T18:00:00
1597,3,11,5,32.77,2024-01-08T03:00:00
1598,5,1,3,87.4,2024-01-08T00:00:00
1599,1,5,4,22.11,2024-01-08T08:00:00
1600,4,14,5,76.36,2024-01-08T06:00:00
1601,3,20,1,66.38,2024-01-09T16:00:00
1602,1,4,1,87.48,2024-01-09T09:00:00
1603,4,20,4,74.11,2024-01-09T06:00:00
1604,2,19,3,70.93,2024-01-09T05:00:00
1605,3,10,5,53.04,2024-01-09T08:00:00
1606,1,10,3,98.11,2024-01-09T15:00:00
1607,4,10,2,96.4,2024-01-09T14:00:00
1608,1,8,5,37.36,2024-01-09T07:00:00
1609,1,5,5,86.67,2024-01-09T23:00:00
1610,1,7,3,64.16,2024-01-09T13:00:00
1611,2,12,1,95.09,2024-01-09T18:00:00
1612,2,12,1,27.81,2024-01-09T04:00:00
1613,2,19,2,43.53,2024-01-09T03:00:00
1614,2,7,3,19.03,2024-01-09T08:00:00
1615,2,12,5,11.98,2024-01-09T02:00:00
1616,5,4,4,67.58,2024-01-09T07:00:00
1617,2,2,4,72.45,2024-01-09T15:00:00
1618,4,8,4,53.68,2024-01-09T22:00:00
1619,1,5,3,28.89,2024-01-09T19:00:00
1620,1,13,4,75.51,2024-01-09T04:00:00
1621,5,7,5,59.74,2024-01-09T04:00:00
1622,5,2,4,21.34,2024-01-09T08:00:00
1623,1,1,3,84.56,2024-01-09T14:00:00
1624,4,12,2,55.16,2024-01-09T09:00:00
1625,5,7,4,30.27,2024-01-09T02:00:00
1626,2,14,4,99.12,2024-01-09T02:00:00
1627,3,5,4,86.13,2024-01-09T20:00:00
1628,3,16,4,7.86,2024-01-09T04:00:00
1629,2,12,1,87.9,2024-01-09T22:00:00
1630,2,5,2,37.23,2024-01-09T07:00:00
1631,3,3,4,73.42,2024-01-09T13:00:00
1632,2,10,2,39.34,2024-01-09T00:00:00
1633,4,4,3,69.01,2024-01-09T02:00:00
1634,2,20,1,92.09,2024-01-09T09:00:00
1635,5,15,1,57.76,2024-01-09T03:00:00
1636,2,20,3,43.25,2024-01-09T16:00:00
1637,1,9,5,71.73,2024-01-09T01:00:00
1638,5,15,5,19.65,2024-01-09T05:00:00
1639,2,14,4,55.74,2024-01-09T21:00:00
1640,4,5,4,34.25,2024-01-09T23:00:00
1641,1,7,4,46.99,2024-01-09T04:00:00
1642,1,4,1,23.98,2024-01-09T19:00:00
1643,4,14,2,37.62,2024-01-09T08:00:00
1644,1,14,2,22.05,2024-01-09T01:00:00
1645,2,14,3,42.23,2024-01-09T09:00:00
1646,1,13,3,70.14,2024-01-09T19:00:00
1647,4,7,1,45.39,2024-01-09T11:00:00
1648,5,9,2,44.02,2024-01-09T00:00:00
1649,1,4,5,51.44,2024-01-09T12:00:00
1650,2,9,5,42.38,2024-01-09T00:00:00
1651,1,4,3,98.57,2024-01-09T19:00:00
1652,4,19,5,57.67,2024-01-09T18:00:00
1653,2,12,1,67.53,2024-01-09T19:00:00
1654,3,14,4,93.01,2024-01-09T07:00:00
1655,4,11,1,34.66,2024-01-09T01:00:00
1656,5,15,4,73.8,2024-01-09T08:00:00
1657,3,18,1,66.38,2024-01-09T09:00:00
1658,1,5,3,40.99,2024-01-09T13:00:00
1659,3,4,3,99.79,2024-01-09T14:00:00
1660,5,6,2,99.52,2024-01-09T05:00:00
1661,2,9,4,24.06,2024-01-09T03:00:00
1662,1,19,5,48.29,2024-01-09T15:00:00
1663,2,8,1,37.21,2024-01-09T07:00:00
1664,4,10,3,94.57,2024-01-09T03:00:00
1665,5,16,3,67.29,2024-01-09T21:00:00
1666,4,7,3,84.65,2024-01-09T20:00:00
1667,2,7,4,64.03,2024-01-09T20:00:00
1668,2,8,2,77.21,2024-01-09T16:00:00
1669,1,3,1,35.89,2024-01-09T22:00:00
1670,5,10,2,60.57,2024-01-09T03:00:00
1671,2,2,3,62.94,2024-01-09T11:00:00
1672,5,8,5,30.79,2024-01-09T15:00:00
1673,3,17,3,51.22,2024-01-09T13:00:00
1674,1,14,1,66.17,2024-01-09T12:00:00
1675,3,17,5,93.37,2024-01-09T14:00:00
1676,2,9,5,86.05,2024-01-09T06:00:00
1677,1,10,2,33.72,2024-01-09T05:00:00
1678,4,13,2,64.96,2024-01-09T06:00:00
1679,4,19,5,60.23,2024-01-09T02:00:00
1680,3,15,5,96.09,2024-01-09T15:00:00
1681,5,2,5,58.06,2024-01-09T07:00:00
1682,3,20,4,41.82,2024-01-09T18:00:00
1683,2,2,5,76.31,2024-01-09T11:00:00
1684,1,10,3,36.68,2024-01-09T07:00:00
1685,3,11,4,91.25,2024-01-09T08:00:00
1686,1,3,2,71.48,2024-01-09T17:00:00
1687,2,10,5,65.84,2024-01-09T19:00:00
1688,4,4,4,52.05,2024-01-09T15:00:00
1689,5,17,5,92.79,2024-01-09T19:00:00
1690,4,4,1,55.25,2024-01-09T10:00:00
1691,3,11,2,52.04,2024-01-09T13:00:00
1692,2,10,2,39.12,2024-01-09T13:00:00
1693,5,10,5,98.16,2024-01-09T10:00:00
1694,3,17,4,16.21,2024-01-09T22:00:00
1695,1,10,4,70.97,2024-01-09T19:00:00
1696,1,5,2,25.95,2024-01-09T22:00:00
1697,1,3,2,14.74,2024-01-09T08:00:00
1698,3,20,4,67.79,2024-01-09T05:00:00
1699,5,18,1,77.34,2024-01-09T04:00:00
1700,4,11,2,56.75,2024-01-09T12:00:00
1701,1,2,2,52.55,2024-01-09T06:00:00
1702,2,14,3,94.52,2024-01-09T16:00:00
1703,4,6,4,20.12,2024-01-09T06:00:00
1704,4,7,5,93.39,2024-01-09T17:00:00
1705,3,16,1,88.09,2024-01-09T14:00:00
1706,4,5,3,66.45,2024-01-09T09:00:00
1707,2,16,4,58.14,2024-01-09T05:00:00
1708,4,11,3,81.26,2024-01-09T13:00:00
1709,3,16,4,66.15,2024-01-09T12:00:00
1710,4,16,3,59.09,2024-01-09T07:00:00
1711,5,14,4,75.63,2024-01-09T17:00:00
1712,4,9,2,15.83,2024-01-09T20:00:00
1713,2,7,2,38.28,2024-01-09T19:00:00
1714,5,14,1,49.51,2024-01-09T01:00:00
1715,3,18,5,89.24,2024-01-09T09:00:00
1716,1,7,1,27.52,2024-01-09T21:00:00
1717,5,9,3,98.18,2024-01-09T20:00:00
1718,2,11,3,97.87,2024-01-09T23:00:00
1719,5,2,3,55.11,2024-01-09T09:00:00
1720,2,12,5,86.63,2024-01-09T10:00:00
1721,5,6,2,89.34,2024-01-09T09:00:00
1722,5,18,1,6.14,2024-01-09T10:00:00
1723,4,16,5,61.76,2024-01-09T09:00:00
1724,2,19,4,96.95,2024-01-09T11:00:00
1725,3,5,2,39.92,2024-01-09T02:00:00
1726,1,19,1,68.1,2024-01-09T18:00:00
1727,1,11,4,49.28,2024-01-09T09:00:00
1728,4,17,1,58.64,2024-01-09T09:00:00
1729,2,17,5,39.1,2024-01-09T08:00:00
1730,2,7,2,44.06,2024-01-09T17:00:00
1731,3,12,2,40.96,2024-01-09T14:00:00
1732,1,15,2,67.31,2024-01-09T14:00:00
1733,3,6,1,65.87,2024-01-09T03:00:00
1734,5,4,1,23.95,2024-01-09T23:00:00
1735,2,3,1,39.8,2024-01-09T22:00:00
1736,4,19,5,77.14,2024-01-09T16:00:00
1737,5,5,2,78.74,2024-01-09T19:00:00
1738,4,20,1,40.2,2024-01-09T14:00:00
1739,1,4,2,7.97,2024-01-09T09:00:00
1740,5,6,2,12.37,2024-01-09T19:00:00
1741,4,11,3,62.17,2024-01-09T02:00:00
1742,1,10,1,38.1,2024-01-09T08:00:00
1743,3,10,5,40.13,2024-01-09T13:00:00
1744,3,13,1,20.82,2024-01-09T02:00:00
1745,1,8,4,21.67,2024-01-09T17:00:00
1746,4,20,1,49.66,2024-01-09T04:00:00
1747,1,4,4,94.69,2024-01-09T13:00:00
1748,5,4,2,66.57,2024-01-09T18:00:00
1749,2,10,4,39.58,2024-01-09T05:00:00
1750,5,8,3,46.78,2024-01-09T03:00:00
1751,5,6,5,35.45,2024-01-09T03:00:00
1752,1,20,4,8.57,2024-01-09T00:00:00
1753,5,11,1,67.66,2024-01-09T02:00:00
1754,3,10,3,5.93,2024-01-09T16:00:00
1755,3,10,4,42.88,2024-01-09T12:00:00
1756,3,8,1,69.86,2024-01-09T00:00:00
1757,5,10,2,66.35,2024-01-09T05:00:00
1758,5,17,5,85.54,2024-01-09T05:00:00
1759,4,3,4,68.17,2024-01-09T07:00:00
1760,1,11,1,24.31,2024-01-09T18:00:00
1761,3,4,2,13.4,2024-01-09T15:00:00
1762,5,4,3,60.97,2024-01-09T08:00:00
1763,5,2,5,83.25,2024-01-09T04:00:00
1764,3,18,5,61.11,2024-01-09T01:00:00
1765,5,19,4,51.57,2024-01-09T11:00:00
1766,4,2,2,89.46,2024-01-09T22:00:00
1767,5,4,1,89.18,2024-01-09T12:00:00
1768,4,18,2,69.0,2024-01-09T00:00:00
1769,4,10,5,48.85,2024-01-09T11:00:00
1770,3,14,4,97.57,2024-01-09T06:00:00
1771,2,5,4,93.26,2024-01-09T19:00:00
1772,3,5,5,98.05,2024-01-09T09:00:00
1773,1,12,5,72.75,2024-01-09T16:00:00
1774,4,19,3,34.15,2024-01-09T09:00:00
1775,4,20,1,8.2,2024-01-09T22:00:00
1776,5,8,1,31.93,2024-01-09T13:00:00
1777,5,4,1,7.35,2024-01-09T02:00:00
1778,5,10,5,81.09,2024-01-09T20:00:00
1779,4,1,3,66.66,2024-01-09T00:00:00
1780,3,18,4,34.78,2024-01-09T05:00:00
1781,2,20,2,24.61,2024-01-09T19:00:00
1782,3,4,5,89.48,2024-01-09T01:00:00
1783,4,1,2,9.85,2024-01-09T22:00:00
1784,2,5,3,11.77,2024-01-09T23:00:00
1785,1,6,4,85.68,2024-01-09T10:00:00
1786,4,18,4,88.54,2024-01-09T17:00:00
1787,4,3,4,87.23,2024-01-09T03:00:00
1788,3,1,4,82.6,2024-01-09T09:00:00
1789,1,10,4,61.02,2024-01-09T07:00:00
1790,3,6,2,77.25,2024-01-09T07:00:00
1791,1,14,5,73.22,2024-01-09T03:00:00
1792,1,16,5,6.2,2024-01-09T14:00:00
1793,2,20,1,66.06,2024-01-09T07:00:00
1794,1,11,4,66.37,2024-01-09T01:00:00
1795,5,6,5,26.25,2024-01-09T14:00:00
1796,4,13,4,25.01,2024-01-09T13:00:00
1797,3,9,5,24.7,2024-01-09T17:00:00
1798,1,18,2,79.03,2024-01-09T11:00:00
1799,2,18,4,14.82,2024-01-09T14:00:00
1800,1,18,2,77.62,2024-01-09T19:00:00
1801,2,16,3,80.22,2024-01-10T00:00:00
1802,1,7,3,89.31,2024-01-10T17:00:00
1803,3,6,2,97.3,2024-01-10T15:00:00
1804,1,7,1,47.4,2024-01-10T20:00:00
1805,4,3,4,94.64,2024-01-10T05:00:00
1806,5,2,1,29.2,2024-01-10T06:00:00
1807,1,20,5,76.91,2024-01-10T15:00:00
1808,3,19,3,7.67,2024-01-10T12:00:00
1809,2,15,4,91.54,2024-01-10T04:00:00
1810,5,13,2,41.35,2024-01-10T10:00:00
1811,3,4,4,62.39,2024-01-10T20:00:00
1812,1,2,2,82.45,2024-01-10T21:00:00
1813,5,14,1,55.74,2024-01-10T21:00:00
1814,4,1,4,17.74,2024-01-10T19:00:00
1815,1,2,1,81.12,2024-01-10T18:00:00
1816,5,12,4,54.73,2024-01-10T01:00:00
1817,1,9,1,88.6,2024-01-10T11:00:00
1818,3,15,1,31.43,2024-01-10T12:00:00
1819,1,3,5,52.5,2024-01-10T17:00:00
1820,4,14,3,44.89,2024-01-10T20:00:00
1821,3,20,1,78.46,2024-01-10T10:00:00
1822,1,13,2,73.11,2024-01-10T03:00:00
1823,1,13,3,99.74,2024-01-10T03:00:00
1824,5,8,3,90.0,2024-01-10T10:00:00
1825,1,6,3,83.73,2024-01-10T16:00:00
1826,3,5,4,29.88,2024-01-10T23:00:00
1827,1,13,1,76.8,2024-01-10T13:00:00
1828,3,2,4,77.83,2024-01-10T13:00:00
1829,4,7,1,6.3,2024-01-10T13:00:00
1830,3,3,5,10.01,2024-01-10T16:00:00
1831,1,6,3,81.59,2024-01-10T08:00:00
1832,5,11,1,40.54,2024-01-10T12:00:00
1833,2,14,4,6.4,2024-01-10T08:00:00
1834,2,3,5,81.05,2024-01-10T16:00:00
1835,4,1,2,56.16,2024-01-10T09:00:00
1836,3,13,1,15.7,2024-01-10T10:00:00
1837,5,9,1,86.18,2024-01-10T20:00:00
1838,5,1,4,32.12,2024-01-10T07:00:00
1839,2,19,3,87.91,2024-01-10T20:00:00
1840,5,18,5,57.58,2024-01-10T07:00:00
1841,4,7,1,19.61,2024-01-10T19:00:00
1842,3,19,5,7.83,2024-01-10T11:00:00
1843,2,15,2,16.28,2024-01-10T22:00:00
1844,5,17,3,54.16,2024-01-10T05:00:00
1845,2,7,3,83.02,2024-01-10T18:00:00
1846,5,13,1,24.58,2024-01-10T00:00:00
1847,2,16,2,78.93,2024-01-10T03:00:00
1848,2,14,1,96.25,2024-01-10T04:00:00
1849,2,12,4,58.21,2024-01-10T01:00:00
1850,1,3,2,39.88,2024-01-10T16:00:00
1851,1,7,2,98.27,2024-01-10T14:00:00
1852,5,4,3,54.95,2024-01-10T03:00:00
1853,5,1,5,20.16,2024-01-10T20:00:00
1854,4,7,2,37.87,2024-01-10T12:00:00
1855,1,9,3,33.99,2024-01-10T12:00:00
1856,2,9,5,38.98,2024-01-10T06:00:00
1857,4,4,3,47.56,2024-01-10T07:00:00
1858,5,8,2,9.25,2024-01-10T08:00:00
1859,2,1,5,31.5,2024-01-10T07:00:00
1860,4,17,4,50.28,2024-01-10T04:00:00
1861,2,5,5,63.72,2024-01-10T03:00:00
1862,5,9,2,28.48,2024-01-10T23:00:00
1863,1,3,1,64.03,2024-01-10T12:00:00
1864,5,18,5,80.21,2024-01-10T14:00:00
1865,2,8,5,84.68,2024-01-10T11:00:00
1866,3,16,1,12.43,2024-01-10T15:00:00
1867,2,17,1,47.97,2024-01-10T08:00:00
1868,4,13,2,44.98,2024-01-10T21:00:00
1869,3,8,5,34.01,2024-01-10T20:00:00
1870,4,5,1,14.98,2024-01-10T02:00:00
1871,2,3,4,72.78,2024-01-10T06:00:00
1872,5,1,1,62.74,2024-01-10T20:00:00
1873,5,2,4,14.36,2024-01-10T23:00:00
1874,3,18,1,22.91,2024-01-10T16:00:00
1875,2,7,4,67.81,2024-01-10T07:00:00
1876,3,5,3,67.34,2024-01-10T16:00:00
1877,5,20,3,14.31,2024-01-10T13:00:00
1878,3,13,4,70.26,2024-01-10T22:00:00
1879,2,9,3,90.42,2024-01-10T00:00:00
1880,2,15,2,17.54,2024-01-10T13:00:00
1881,4,20,2,50.19,2024-01-10T07:00:00
1882,5,19,4,69.72,2024-01-10T16:00:00
1883,1,16,5,49.29,2024-01-10T13:00:00
1884,4,8,4,53.83,2024-01-10T09:00:00
1885,4,6,1,14.65,2024-01-10T14:00:00
1886,5,9,2,68.71,2024-01-10T06:00:00
1887,4,14,3,19.01,2024-01-10T11:00:00
1888,3,8,4,36.59,2024-01-10T10:00:00
1889,3,16,1,82.85,2024-01-10T14:00:00
1890,4,10,4,40.73,2024-01-10T12:00:00
1891,3,1,2,86.37,2024-01-10T06:00:00
1892,4,15,2,51.27,2024-01-10T14:00:00
1893,4,7,4,19.15,2024-01-10T19:00:00
1894,3,2,1,25.63,2024-01-10T18:00:00
1895,2,2,5,36.11,2024-01-10T19:00:00
1896,5,5,5,21.0,2024-01-10T21:00:00
1897,1,4,2,12.14,2024-01-10T07:00:00
1898,2,8,2,79.91,2024-01-10T00:00:00
1899,2,4,1,99.91,2024-01-10T16:00:00
1900,5,14,2,36.42,2024-01-10T05:00:00
1901,1,11,4,69.42,2024-01-10T02:00:00
1902,1,15,4,87.65,2024-01-10T11:00:00
1903,3,2,3,21.11,2024-01-10T13:00:00
1904,1,7,4,68.23,2024-01-10T13:00:00
1905,4,18,5,94.0,2024-01-10T18:00:00
1906,2,17,3,73.36,2024-01-10T06:00:00
1907,3,10,2,38.36,2024-01-10T05:00:00
1908,5,16,3,39.22,2024-01-10T18:00:00
1909,1,20,1,53.95,2024-01-10T14:00:00
1910,4,7,1,29.32,2024-01-10T11:00:00
1911,4,17,4,91.08,2024-01-10T22:00:00
1912,4,13,4,75.93,2024-01-10T17:00:00
1913,3,12,1,20.4,2024-01-10T01:00:00
1914,1,7,5,41.94,2024-01-10T17:00:00
1915,1,3,5,58.21,2024-01-10T10:00:00
1916,4,19,3,43.46,2024-01-10T05:00:00
1917,4,6,5,98.95,2024-01-10T18:00:00
1918,4,5,4,43.63,2024-01-10T13:00:00
1919,2,17,2,58.15,2024-01-10T16:00:00
1920,1,15,1,57.85,2024-01-10T20:00:00
1921,2,14,1,19.09,2024-01-10T10:00:00
1922,2,8,1,7.04,2024-01-10T19:00:00
1923,5,18,2,46.03,2024-01-10T18:00:00
1924,1,5,3,50.67,2024-01-10T14:00:00
1925,3,4,1,80.2,2024-01-10T17:00:00
1926,1,1,3,27.33,2024-01-10T09:00:00
1927,4,14,5,23.44,2024-01-10T01:00:00
1928,3,14,5,47.75,2024-01-10T03:00:00
1929,4,1,4,55.97,2024-01-10T10:00:00
1930,1,10,2,17.62,2024-01-10T01:00:00
1931,1,10,4,23.67,2024-01-10T19:00:00
1932,3,4,3,28.37,2024-01-10T21:00:00
1933,4,11,2,36.0,2024-01-10T04:00:00
1934,1,19,2,40.45,2024-01-10T03:00:00
1935,5,6,1,12.25,2024-01-10T23:00:00
1936,3,6,1,15.94,2024-01-10T19:00:00
1937,3,11,2,98.26,2024-01-10T10:00:00
1938,4,6,5,13.95,2024-01-10T06:00:00
1939,4,7,3,84.44,2024-01-10T16:00:00
1940,2,12,5,65.5,2024-01-10T15:00:00
1941,4,12,2,54.45,2024-01-10T05:00:00
1942,1,4,3,24.72,2024-01-10T06:00:00
1943,4,3,3,71.58,2024-01-10T06:00:00
1944,4,12,4,6.06,2024-01-10T18:00:00
1945,5,15,2,75.61,2024-01-10T22:00:00
1946,4,9,2,40.21,2024-01-10T04:00:00
1947,2,13,3,23.13,2024-01-10T03:00:00
1948,3,18,5,71.09,2024-01-10T14:00:00
1949,4,11,3,15.38,2024-01-10T16:00:00
1950,5,4,5,93.26,2024-01-10T17:00:00
1951,1,20,4,36.15,2024-01-10T18:00:00
1952,2,8,3,15.19,2024-01-10T14:00:00
1953,1,1,4,28.0,2024-01-10T09:00:00
1954,3,6,3,12.76,2024-01-10T03:00:00
1955,3,13,1,40.96,2024-01-10T23:00:00
1956,5,3,2,47.58,2024-01-10T18:00:00
1957,5,16,1,54.76,2024-01-10T13:00:00
1958,1,20,4,11.05,2024-01-10T07:00:00
1959,2,8,3,69.41,2024-01-10T13:00:00
1960,2,19,5,42.85,2024-01-10T03:00:00
1961,3,15,1,50.6,2024-01-10T11:00:00
1962,5,12,3,58.26,2024-01-10T19:00:00
1963,3,4,2,25.64,2024-01-10T17:00:00
1964,4,20,2,92.07,2024-01-10T12:00:00
1965,2,15,2,98.61,2024-01-10T02:00:00
1966,2,9,5,79.93,2024-01-10T06:00:00
1967,3,1,5,81.99,2024-01-10T06:00:00
1968,1,16,2,69.32,2024-01-10T22:00:00
1969,3,1,5,91.62,2024-01-10T17:00:00
1970,2,7,1,7.23,2024-01-10T07:00:00
1971,2,10,5,31.55,2024-01-10T07:00:00
1972,4,7,5,24.94,2024-01-10T14:00:00
1973,3,19,3,16.71,2024-01-10T17:00:00
1974,1,11,5,30.96,2024-01-10T08:00:00
1975,2,6,2,72.04,2024-01-10T07:00:00
1976,1,17,5,54.79,2024-01-10T18:00:00
1977,4,8,2,25.86,2024-01-10T14:00:00
1978,4,16,5,85.3,2024-01-10T16:00:00
1979,4,8,4,76.28,2024-01-10T18:00:00
1980,2,4,1,20.74,2024-01-10T10:00:00
1981,1,15,1,92.7,2024-01-10T01:00:00
1982,5,14,1,28.59,2024-01-10T16:00:00
1983,5,14,1,28.48,2024-01-10T13:00:00
1984,3,9,5,32.91,2024-01-10T10:00:00
1985,1,7,1,83.29,2024-01-10T17:00:00
1986,5,7,2,17.44,2024-01-10T05:00:00
1987,3,6,4,51.51,2024-01-10T11:00:00
1988,3,17,2,32.03,2024-01-10T12:00:00
1989,5,19,5,42.28,2024-01-10T22:00:00
1990,3,9,5,20.83,2024-01-10T17:00:00
1991,5,13,2,39.25,2024-01-10T11:00:00
1992,1,17,1,34.47,2024-01-10T07:00:00
1993,2,19,2,24.74,2024-01-10T13:00:00
1994,5,20,4,17.55,2024-01-10T07:00:00
1995,4,8,4,98.09,2024-01-10T22:00:00
1996,1,6,5,35.5,2024-01-10T18:00:00
1997,1,10,1,48.56,2024-01-10T19:00:00
1998,1,5,4,92.27,2024-01-10T19:00:00
1999,3,12,5,26.14,2024-01-10T21:00:00
2000,2,5,1,9.26,2024-01-10T09:00:00
